gameweek,player_id,points,minutes,goals,assists,clean_sheet,bonus
1,1,6,90,0,0,1,0
1,2,0,0,0,0,0,0
1,3,0,0,0,0,0,0
1,4,5,90,0,0,1,0
1,5,0,0,0,0,0,0
1,6,0,0,0,0,0,0
1,7,3,90,0,0,1,0
1,8,9,80,0,1,1,0
1,9,1,9,0,0,0,0
1,10,11,90,0,1,1,2
1,11,6,90,0,0,1,0
1,12,9,67,1,0,1,1
1,13,3,67,0,0,1,0
1,14,1,14,0,0,0,0
1,15,11,75,1,0,1,3
1,16,1,22,0,0,0,0
1,17,1,14,0,0,0,0
1,18,0,0,0,0,0,0
1,19,1,22,0,0,0,0
1,20,0,0,0,0,0,0
1,21,0,0,0,0,0,0
1,22,0,0,0,0,0,0
1,23,0,0,0,0,0,0
1,24,0,0,0,0,0,0
1,25,0,0,0,0,0,0
1,26,6,90,1,0,1,0
1,27,0,0,0,0,0,0
1,28,0,0,0,0,0,0
1,29,1,90,0,0,0,0
1,30,0,0,0,0,0,0
1,31,0,0,0,0,0,0
1,32,-1,90,0,0,0,0
1,33,1,16,0,0,0,0
1,34,0,73,0,0,0,0
1,35,1,16,0,0,0,0
1,36,0,81,0,0,0,0
1,37,-2,90,0,0,0,0
1,38,0,0,0,0,0,0
1,39,0,0,0,0,0,0
1,40,8,81,1,0,0,1
1,41,2,85,0,0,0,0
1,42,1,27,0,0,0,0
1,43,2,66,0,0,0,0
1,44,0,0,0,0,0,0
1,45,1,81,0,0,0,0
1,46,2,73,0,0,0,0
1,47,2,90,0,0,0,0
1,48,0,0,0,0,0,0
1,49,0,0,0,0,0,0
1,50,0,0,0,0,0,0
1,51,2,90,0,0,0,0
1,52,1,8,0,0,0,0
1,53,0,0,0,0,0,0
1,54,-2,39,0,0,0,0
1,55,0,0,0,0,0,0
1,56,0,0,0,0,0,0
1,57,2,90,0,0,0,0
1,58,0,0,0,0,0,0
1,59,0,0,0,0,0,0
1,60,1,90,0,0,0,0
1,61,1,90,0,0,0,0
1,62,0,0,0,0,0,0
1,63,0,0,0,0,0,0
1,64,1,90,0,0,0,0
1,65,0,0,0,0,0,0
1,66,0,0,0,0,0,0
1,67,2,88,0,0,0,0
1,68,10,90,1,0,0,3
1,69,2,90,0,0,0,0
1,70,3,74,0,0,1,0
1,71,3,75,0,0,1,0
1,72,1,1,0,0,0,0
1,73,1,15,0,0,0,0
1,74,0,0,0,0,0,0
1,75,0,0,0,0,0,0
1,76,1,15,0,0,0,0
1,77,0,0,0,0,0,0
1,78,0,0,0,0,0,0
1,79,4,74,0,1,1,0
1,80,0,0,0,0,0,0
1,81,0,0,0,0,0,0
1,82,7,90,0,0,1,0
1,83,0,0,0,0,0,0
1,84,6,90,0,0,1,0
1,85,0,0,0,0,0,0
1,86,10,90,1,0,1,2
1,87,8,90,0,0,1,0
1,88,13,75,1,0,1,1
1,89,0,0,0,0,0,0
1,90,1,14,0,0,0,0
1,91,0,0,0,0,0,0
1,92,0,0,0,0,0,0
1,93,0,0,0,0,0,0
1,94,3,90,0,0,1,0
1,95,3,66,0,0,1,0
1,96,1,14,0,0,0,0
1,97,6,66,0,1,1,0
1,98,9,90,1,0,1,0
1,99,0,0,0,0,0,0
1,100,0,0,0,0,0,0
1,101,0,0,0,0,0,0
1,102,1,23,0,0,0,0
1,103,0,0,0,0,0,0
1,104,2,90,0,0,0,0
1,105,1,23,0,0,0,0
1,106,0,82,0,0,1,0
1,107,0,0,0,0,0,0
1,108,1,7,0,0,0,0
1,109,6,90,0,0,1,0
1,110,1,90,0,0,0,0
1,111,0,0,0,0,0,0
1,112,1,90,0,0,0,0
1,113,0,0,0,0,0,0
1,114,6,90,0,0,1,0
1,115,17,77,1,1,1,2
1,116,6,90,0,0,1,0
1,117,0,0,0,0,0,0
1,118,0,0,0,0,0,0
1,119,1,26,0,0,0,0
1,120,0,0,0,0,0,0
1,121,0,0,0,0,0,0
1,122,0,0,0,0,0,0
1,123,16,63,2,0,1,3
1,124,2,90,0,0,1,0
1,125,5,90,0,1,1,0
1,126,0,0,0,0,0,0
1,127,6,85,0,1,1,0
1,128,0,0,0,0,0,0
1,129,2,63,0,0,1,0
1,130,7,77,0,0,1,1
1,131,0,0,0,0,0,0
1,132,0,0,0,0,0,0
1,133,0,0,0,0,0,0
1,134,0,0,0,0,0,0
1,135,1,12,0,0,0,0
1,136,0,0,0,0,0,0
1,137,0,0,0,0,0,0
1,138,1,26,0,0,0,0
1,139,0,0,0,0,0,0
1,140,2,90,0,0,0,0
1,141,0,0,0,0,0,0
1,142,0,90,0,0,0,0
1,143,0,0,0,0,0,0
1,144,1,75,0,0,0,0
1,145,0,0,0,0,0,0
1,146,0,0,0,0,0,0
1,147,0,0,0,0,0,0
1,148,1,64,0,0,0,0
1,149,0,90,0,0,0,0
1,150,0,0,0,0,0,0
1,151,3,90,0,0,0,0
1,152,0,0,0,0,0,0
1,153,0,0,0,0,0,0
1,154,13,82,1,1,0,3
1,155,1,25,0,0,0,0
1,156,1,14,0,0,0,0
1,157,1,7,0,0,0,0
1,158,0,0,0,0,0,0
1,159,0,0,0,0,0,0
1,160,1,4,0,0,0,0
1,161,1,64,0,0,0,0
1,162,2,66,0,0,0,0
1,163,0,0,0,0,0,0
1,164,1,8,0,0,0,0
1,165,11,90,1,1,0,2
1,166,0,0,0,0,0,0
1,167,0,0,0,0,0,0
1,168,0,0,0,0,0,0
1,169,0,0,0,0,0,0
1,170,0,0,0,0,0,0
1,171,0,0,0,0,0,0
1,172,0,0,0,0,0,0
1,173,3,90,0,0,0,0
1,174,0,0,0,0,0,0
1,175,1,90,0,0,0,0
1,176,1,90,0,0,0,0
1,177,0,0,0,0,0,0
1,178,0,0,0,0,0,0
1,179,0,0,0,0,0,0
1,180,0,0,0,0,0,0
1,181,0,0,0,0,0,0
1,182,1,90,0,0,0,0
1,183,1,20,0,0,0,0
1,184,2,90,0,0,0,0
1,185,0,0,0,0,0,0
1,186,0,0,0,0,0,0
1,187,0,0,0,0,0,0
1,188,1,28,0,0,0,0
1,189,0,0,0,0,0,0
1,190,2,81,0,0,0,0
1,191,0,0,0,0,0,0
1,192,0,0,0,0,0,0
1,193,0,0,0,0,0,0
1,194,2,69,0,0,0,0
1,195,2,69,0,0,0,0
1,196,0,0,0,0,0,0
1,197,0,0,0,0,0,0
1,198,2,90,0,0,0,0
1,199,0,0,0,0,0,0
1,200,6,90,0,1,0,0
1,201,0,54,0,0,0,0
1,202,3,90,0,0,0,0
1,203,1,90,0,0,0,0
1,204,1,90,0,0,0,0
1,205,0,0,0,0,0,0
1,206,1,72,0,0,0,0
1,207,0,0,0,0,0,0
1,208,0,0,0,0,0,0
1,209,1,6,0,0,0,0
1,210,4,90,0,0,0,0
1,211,1,35,0,0,0,0
1,212,0,0,0,0,0,0
1,213,0,0,0,0,0,0
1,214,3,90,0,0,0,0
1,215,0,0,0,0,0,0
1,216,0,0,0,0,0,0
1,217,0,0,0,0,0,0
1,218,0,0,0,0,0,0
1,219,0,0,0,0,0,0
1,220,0,0,0,0,0,0
1,221,0,0,0,0,0,0
1,222,1,27,0,0,0,0
1,223,2,62,0,0,0,0
1,224,1,55,0,0,0,0
1,225,0,0,0,0,0,0
1,226,7,90,0,0,1,0
1,227,0,0,0,0,0,0
1,228,0,0,0,0,0,0
1,229,6,90,0,0,1,0
1,230,6,90,0,0,1,0
1,231,0,0,0,0,0,0
1,232,0,0,0,0,0,0
1,233,6,90,0,0,1,0
1,234,0,0,0,0,0,0
1,235,0,0,0,0,0,0
1,236,11,90,1,0,1,3
1,237,9,90,0,1,1,1
1,238,1,8,0,0,0,0
1,239,1,11,0,0,0,0
1,240,0,0,0,0,0,0
1,241,2,62,0,0,0,0
1,242,3,83,0,0,1,0
1,243,1,1,0,0,0,0
1,244,8,90,0,1,1,0
1,245,0,0,0,0,0,0
1,246,3,90,0,0,1,0
1,247,3,78,0,0,1,0
1,248,1,11,0,0,0,0
1,249,8,78,1,0,1,2
1,250,2,90,0,0,0,0
1,251,0,0,0,0,0,0
1,252,0,0,0,0,0,0
1,253,0,0,0,0,0,0
1,254,1,81,0,0,0,0
1,255,3,90,0,0,0,0
1,256,0,0,0,0,0,0
1,257,0,90,0,0,0,0
1,258,6,90,0,2,0,0
1,259,2,90,0,0,0,0
1,260,3,65,0,0,1,0
1,261,2,90,0,0,0,0
1,262,0,0,0,0,0,0
1,263,1,17,0,0,0,0
1,264,2,66,0,0,0,0
1,265,2,72,0,0,0,0
1,266,0,0,0,0,0,0
1,267,5,90,0,1,0,0
1,268,7,90,1,0,0,0
1,269,1,17,0,0,0,0
1,270,0,0,0,0,0,0
1,271,1,8,0,0,0,0
1,272,0,0,0,0,0,0
1,273,0,0,0,0,0,0
1,274,0,0,0,0,0,0
1,275,0,0,0,0,0,0
1,276,0,0,0,0,0,0
1,277,8,90,0,0,1,0
1,278,0,0,0,0,0,0
1,279,14,63,1,0,1,2
1,280,6,69,0,0,1,0
1,281,1,20,0,0,0,0
1,282,6,84,0,0,1,0
1,283,0,0,0,0,0,0
1,284,0,0,0,0,0,0
1,285,1,26,0,0,0,0
1,286,3,90,0,0,1,0
1,287,0,19,0,0,0,0
1,288,0,0,0,0,0,0
1,289,2,90,0,0,1,0
1,290,6,90,0,1,1,0
1,291,0,0,0,0,0,0
1,292,0,0,0,0,0,0
1,293,0,0,0,0,0,0
1,294,0,0,0,0,0,0
1,295,5,90,0,1,1,0
1,296,0,0,0,0,0,0
1,297,0,0,0,0,0,0
1,298,0,0,0,0,0,0
1,299,0,0,0,0,0,0
1,300,0,0,0,0,0,0
1,301,0,0,0,0,0,0
1,302,0,0,0,0,0,0
1,303,0,0,0,0,0,0
1,304,4,90,0,0,0,0
1,305,2,90,0,0,0,0
1,306,2,90,0,0,0,0
1,307,0,0,0,0,0,0
1,308,0,0,0,0,0,0
1,309,4,79,0,0,0,0
1,310,0,0,0,0,0,0
1,311,0,0,0,0,0,0
1,312,0,0,0,0,0,0
1,313,7,19,1,0,0,1
1,314,0,0,0,0,0,0
1,315,2,65,0,0,0,0
1,316,9,65,1,0,0,3
1,317,0,0,0,0,0,0
1,318,0,0,0,0,0,0
1,319,0,0,0,0,0,0
1,320,1,24,0,0,0,0
1,321,1,10,0,0,0,0
1,322,0,0,0,0,0,0
1,323,1,24,0,0,0,0
1,324,0,0,0,0,0,0
1,325,0,0,0,0,0,0
1,326,0,0,0,0,0,0
1,327,10,90,0,0,1,2
1,328,0,0,0,0,0,0
1,329,6,90,0,0,1,0
1,330,6,90,0,0,1,0
1,331,0,0,0,0,0,0
1,332,10,90,0,0,1,2
1,333,0,0,0,0,0,0
1,334,6,90,0,0,1,0
1,335,13,90,1,0,1,3
1,336,1,24,0,0,0,0
1,337,3,81,0,0,1,0
1,338,5,90,0,0,1,0
1,339,1,8,0,0,0,0
1,340,0,0,0,0,0,0
1,341,0,0,0,0,0,0
1,342,0,0,0,0,0,0
1,343,0,0,0,0,0,0
1,344,0,0,0,0,0,0
1,345,0,0,0,0,0,0
1,346,1,90,0,0,1,0
1,347,0,0,0,0,0,0
1,348,0,0,0,0,0,0
1,349,0,0,0,0,0,0
1,350,2,90,0,0,0,0
1,351,0,0,0,0,0,0
1,352,0,0,0,0,0,0
1,353,0,0,0,0,0,0
1,354,0,0,0,0,0,0
1,355,0,0,0,0,0,0
1,356,2,90,0,0,0,0
1,357,0,90,0,0,0,0
1,358,0,90,0,0,0,0
1,359,0,0,0,0,0,0
1,360,0,0,0,0,0,0
1,361,0,0,0,0,0,0
1,362,1,69,0,0,0,0
1,363,0,0,0,0,0,0
1,364,0,0,0,0,0,0
1,365,0,0,0,0,0,0
1,366,2,62,0,0,0,0
1,367,12,90,1,0,0,3
1,368,8,90,1,0,0,1
1,369,2,62,0,0,0,0
1,370,0,0,0,0,0,0
1,371,5,77,0,1,0,0
1,372,1,27,0,0,0,0
1,373,0,0,0,0,0,0
1,374,0,0,0,0,0,0
1,375,0,0,0,0,0,0
1,376,0,0,0,0,0,0
1,377,4,27,0,1,0,0
1,378,0,0,0,0,0,0
1,379,2,90,0,0,0,0
1,380,0,0,0,0,0,0
1,381,1,12,0,0,0,0
1,382,0,0,0,0,0,0
1,383,0,0,0,0,0,0
1,384,3,90,0,0,0,0
1,385,9,90,0,0,1,2
1,386,0,0,0,0,0,0
1,387,2,62,0,0,0,0
1,388,10,90,1,0,0,2
1,389,1,33,0,0,0,0
1,390,2,90,0,0,0,0
1,391,9,90,1,0,0,1
1,392,0,0,0,0,0,0
1,393,2,90,0,0,0,0
1,394,0,0,0,0,0,0
1,395,1,56,0,0,0,0
1,396,0,0,0,0,0,0
1,397,2,90,0,0,0,0
1,398,1,81,0,0,0,0
1,399,8,27,0,2,0,1
1,400,0,0,0,0,0,0
1,401,0,0,0,0,0,0
1,402,0,0,0,0,0,0
1,403,0,0,0,0,0,0
1,404,0,0,0,0,0,0
1,405,0,0,0,0,0,0
1,406,1,27,0,0,0,0
1,407,0,0,0,0,0,0
1,408,0,0,0,0,0,0
1,409,0,0,0,0,0,0
1,410,0,0,0,0,0,0
1,411,2,90,0,0,0,0
1,412,1,90,0,0,0,0
1,413,0,0,0,0,0,0
1,414,0,0,0,0,0,0
1,415,0,45,0,0,0,0
1,416,0,0,0,0,0,0
1,417,1,10,0,0,0,0
1,418,1,90,0,0,0,0
1,419,0,0,0,0,0,0
1,420,0,0,0,0,0,0
1,421,1,90,0,0,0,0
1,422,1,79,0,0,0,0
1,423,1,90,0,0,0,0
1,424,0,0,0,0,0,0
1,425,0,0,0,0,0,0
1,426,2,90,0,0,0,0
1,427,2,90,0,0,0,0
1,428,2,79,0,0,0,0
1,429,1,45,0,0,0,0
1,430,0,0,0,0,0,0
1,431,0,0,0,0,0,0
1,432,1,23,0,0,0,0
1,433,0,0,0,0,0,0
1,434,0,0,0,0,0,0
1,435,1,10,0,0,0,0
1,436,0,0,0,0,0,0
1,437,0,0,0,0,0,0
1,438,0,0,0,0,0,0
1,439,1,23,0,0,0,0
1,440,0,0,0,0,0,0
1,441,0,0,0,0,0,0
1,442,0,0,0,0,0,0
1,443,0,0,0,0,0,0
1,444,0,0,0,0,0,0
1,445,3,90,0,0,0,0
1,446,1,1,0,0,0,0
1,447,3,90,0,0,0,0
1,448,0,0,0,0,0,0
1,449,3,90,0,0,0,0
1,450,0,0,0,0,0,0
1,451,0,0,0,0,0,0
1,452,0,0,0,0,0,0
1,453,2,90,0,0,0,0
1,454,9,75,1,0,0,2
1,455,2,90,0,0,0,0
1,456,0,34,0,0,0,0
1,457,0,14,0,0,0,0
1,458,0,0,0,0,0,0
1,459,3,75,0,0,0,0
1,460,6,34,1,0,0,0
1,461,0,0,0,0,0,0
1,462,1,55,0,0,0,0
1,463,0,0,0,0,0,0
1,464,4,90,0,1,0,0
1,465,4,55,0,1,0,0
1,466,0,0,0,0,0,0
1,467,2,90,0,0,0,0
1,468,0,0,0,0,0,0
1,469,2,90,0,0,0,0
1,470,0,0,0,0,0,0
1,471,2,90,0,0,0,0
1,472,4,90,0,0,0,0
1,473,5,73,0,0,1,0
1,474,1,90,0,0,0,0
1,475,0,0,0,0,0,0
1,476,0,0,0,0,0,0
1,477,0,0,0,0,0,0
1,478,1,16,0,0,0,0
1,479,0,0,0,0,0,0
1,480,2,90,0,0,0,0
1,481,2,62,0,0,0,0
1,482,0,0,0,0,0,0
1,483,3,61,0,0,1,0
1,484,0,0,0,0,0,0
1,485,0,0,0,0,0,0
1,486,3,73,0,0,1,0
1,487,0,0,0,0,0,0
1,488,2,90,0,0,0,0
1,489,0,0,0,0,0,0
1,490,1,28,0,0,0,0
1,491,2,90,0,0,0,0
1,492,1,20,0,0,0,0
1,493,1,1,0,0,0,0
1,494,0,0,0,0,0,0
1,495,0,0,0,0,0,0
1,496,2,90,0,0,0,0
1,497,0,0,0,0,0,0
1,498,3,90,0,0,0,0
1,499,0,0,0,0,0,0
1,500,0,0,0,0,0,0
1,501,0,0,0,0,0,0
1,502,3,90,0,0,0,0
1,503,0,0,0,0,0,0
1,504,6,90,0,0,1,0
1,505,0,0,0,0,0,0
1,506,1,4,0,0,0,0
1,507,0,0,0,0,0,0
1,508,0,0,0,0,0,0
1,509,0,0,0,0,0,0
1,510,0,0,0,0,0,0
1,511,0,0,0,0,0,0
1,512,0,0,0,0,0,0
1,513,0,0,0,0,0,0
1,514,2,90,0,0,0,0
1,515,1,22,0,0,0,0
1,516,1,45,0,0,0,0
1,517,0,0,0,0,0,0
1,518,0,0,0,0,0,0
1,519,0,45,0,0,0,0
1,520,1,45,0,0,0,0
1,521,0,0,0,0,0,0
1,522,2,85,0,0,0,0
1,523,2,67,0,0,0,0
1,524,0,0,0,0,0,0
1,525,1,45,0,0,0,0
1,526,1,22,0,0,0,0
1,527,2,67,0,0,0,0
1,528,0,0,0,0,0,0
1,529,1,90,0,0,0,0
1,530,0,0,0,0,0,0
1,531,0,0,0,0,0,0
1,532,0,90,0,0,0,0
1,533,0,0,0,0,0,0
1,534,2,79,0,0,0,0
1,535,1,23,0,0,0,0
1,536,1,90,0,0,0,0
1,537,0,0,0,0,0,0
1,538,0,0,0,0,0,0
1,539,1,66,0,0,0,0
1,540,0,0,0,0,0,0
1,541,1,90,0,0,0,0
1,542,2,79,0,0,0,0
1,543,1,10,0,0,0,0
1,544,9,90,0,1,0,2
1,545,2,90,0,0,0,0
1,546,0,0,0,0,0,0
1,547,0,0,0,0,0,0
1,548,1,10,0,0,0,0
1,549,1,31,0,0,0,0
1,550,0,0,0,0,0,0
1,551,5,58,1,0,0,0
1,552,2,66,0,0,0,0
1,553,1,23,0,0,0,0
1,554,0,0,0,0,0,0
1,555,0,0,0,0,0,0
1,556,1,5,0,0,0,0
1,557,6,75,0,1,1,0
1,558,1,16,0,0,0,0
1,559,1,14,0,0,0,0
1,560,0,0,0,0,0,0
1,561,0,0,0,0,0,0
1,562,2,79,0,0,0,0
1,563,0,0,0,0,0,0
1,564,2,90,0,0,0,0
1,565,14,75,0,2,1,3
1,566,2,90,0,0,0,0
1,567,1,90,0,0,0,0
1,568,0,0,0,0,0,0
1,569,6,90,1,0,0,0
1,570,2,72,0,0,0,0
1,571,0,0,0,0,0,0
1,572,10,90,0,0,1,3
1,573,0,0,0,0,0,0
1,574,0,0,0,0,0,0
1,575,1,61,0,0,0,0
1,576,3,70,0,0,1,0
1,577,1,18,0,0,0,0
1,578,0,0,0,0,0,0
1,579,1,20,0,0,0,0
1,580,1,23,0,0,0,0
1,581,0,0,0,0,0,0
1,582,0,0,0,0,0,0
1,583,1,25,0,0,0,0
1,584,1,8,0,0,0,0
1,585,1,26,0,0,0,0
1,586,15,63,1,0,1,1
1,587,0,0,0,0,0,0
1,588,1,35,0,0,0,0
1,589,0,0,0,0,0,0
1,590,0,0,0,0,0,0
1,591,5,70,0,1,0,0
1,592,1,10,0,0,0,0
1,593,1,90,0,0,0,0
1,594,0,0,0,0,0,0
1,595,0,0,0,0,0,0
1,596,1,8,0,0,0,0
1,597,0,0,0,0,0,0
1,598,0,0,0,0,0,0
1,599,0,0,0,0,0,0
1,600,1,12,0,0,0,0
1,601,0,0,0,0,0,0
1,602,0,0,0,0,0,0
1,603,0,0,0,0,0,0
1,604,0,0,0,0,0,0
1,605,1,4,0,0,0,0
1,606,0,0,0,0,0,0
1,607,0,0,0,0,0,0
1,608,1,15,0,0,0,0
1,609,0,0,0,0,0,0
1,610,0,0,0,0,0,0
2,1,6,90,0,0,1,0
2,2,0,0,0,0,0,0
2,3,0,0,0,0,0,0
2,4,8,90,0,0,1,0
2,5,0,0,0,0,0,0
2,6,0,0,0,0,0,0
2,7,3,70,0,0,1,0
2,8,11,90,0,1,1,2
2,9,0,0,0,0,0,0
2,10,7,90,0,0,1,1
2,11,6,78,0,0,1,0
2,12,11,90,1,0,1,3
2,13,5,84,0,0,1,0
2,14,1,45,0,0,0,0
2,15,3,70,0,0,1,0
2,16,0,0,0,0,0,0
2,17,1,19,0,0,0,0
2,18,0,0,0,0,0,0
2,19,1,5,0,0,0,0
2,20,0,0,0,0,0,0
2,21,0,0,0,0,0,0
2,22,0,0,0,0,0,0
2,23,0,0,0,0,0,0
2,24,0,0,0,0,0,0
2,25,0,0,0,0,0,0
2,26,2,90,0,0,1,0
2,27,0,0,0,0,0,0
2,28,2,90,0,0,0,0
2,29,0,0,0,0,0,0
2,30,0,0,0,0,0,0
2,31,1,11,0,0,0,0
2,32,2,77,0,0,0,0
2,33,0,0,0,0,0,0
2,34,2,90,0,0,0,0
2,35,0,0,0,0,0,0
2,36,1,90,0,0,0,0
2,37,2,90,0,0,0,0
2,38,0,0,0,0,0,0
2,39,0,0,0,0,0,0
2,40,5,90,0,1,0,0
2,41,2,90,0,0,0,0
2,42,1,27,0,0,0,0
2,43,4,90,0,0,0,0
2,44,0,0,0,0,0,0
2,45,1,90,0,0,0,0
2,46,2,77,0,0,0,0
2,47,2,90,0,0,0,0
2,48,0,0,0,0,0,0
2,49,0,0,0,0,0,0
2,50,0,0,0,0,0,0
2,51,2,70,0,0,0,0
2,52,0,19,0,0,0,0
2,53,0,0,0,0,0,0
2,54,0,0,0,0,0,0
2,55,0,0,0,0,0,0
2,56,1,19,0,0,0,0
2,57,3,90,0,0,0,0
2,58,0,0,0,0,0,0
2,59,0,0,0,0,0,0
2,60,4,90,0,0,0,0
2,61,4,90,0,0,0,2
2,62,0,0,0,0,0,0
2,63,0,0,0,0,0,0
2,64,1,90,0,0,0,0
2,65,0,0,0,0,0,0
2,66,0,0,0,0,0,0
2,67,2,90,0,0,0,0
2,68,1,90,0,0,0,0
2,69,12,86,1,0,1,3
2,70,3,80,0,0,1,0
2,71,3,68,0,0,1,0
2,72,0,0,0,0,0,0
2,73,1,21,0,0,0,0
2,74,1,9,0,0,0,0
2,75,1,3,0,0,0,0
2,76,0,0,0,0,0,0
2,77,0,0,0,0,0,0
2,78,0,0,0,0,0,0
2,79,5,80,0,1,1,0
2,80,0,0,0,0,0,0
2,81,1,9,0,0,0,0
2,82,2,90,0,0,0,0
2,83,0,0,0,0,0,0
2,84,3,90,0,0,0,0
2,85,0,0,0,0,0,0
2,86,6,87,0,1,0,1
2,87,3,90,0,0,0,0
2,88,2,87,0,0,0,0
2,89,1,2,0,0,0,0
2,90,1,2,0,0,0,0
2,91,1,12,0,0,0,0
2,92,0,0,0,0,0,0
2,93,0,0,0,0,0,0
2,94,10,87,1,0,0,3
2,95,1,29,0,0,0,0
2,96,3,68,0,0,1,0
2,97,0,0,0,0,0,0
2,98,1,90,0,0,0,0
2,99,0,0,0,0,0,0
2,100,0,0,0,0,0,0
2,101,0,0,0,0,0,0
2,102,1,21,0,0,0,0
2,103,0,0,0,0,0,0
2,104,0,0,0,0,0,0
2,105,2,60,0,0,1,0
2,106,2,90,0,0,0,0
2,107,0,0,0,0,0,0
2,108,1,2,0,0,0,0
2,109,0,90,0,0,0,0
2,110,2,90,0,0,0,0
2,111,0,0,0,0,0,0
2,112,1,90,0,0,0,0
2,113,0,90,0,0,0,0
2,114,-1,90,0,0,0,0
2,115,0,90,0,0,0,0
2,116,-1,90,0,0,0,0
2,117,0,0,0,0,0,0
2,118,0,0,0,0,0,0
2,119,0,10,0,0,0,0
2,120,0,0,0,0,0,0
2,121,0,0,0,0,0,0
2,122,0,0,0,0,0,0
2,123,0,0,0,0,0,0
2,124,13,90,1,1,0,3
2,125,0,0,0,0,0,0
2,126,0,0,0,0,0,0
2,127,5,90,0,1,0,0
2,128,0,0,0,0,0,0
2,129,0,0,0,0,0,0
2,130,0,79,0,0,0,0
2,131,0,0,0,0,0,0
2,132,0,0,0,0,0,0
2,133,0,0,0,0,0,0
2,134,0,0,0,0,0,0
2,135,0,0,0,0,0,0
2,136,0,0,0,0,0,0
2,137,0,0,0,0,0,0
2,138,5,79,0,1,0,0
2,139,0,0,0,0,0,0
2,140,0,0,0,0,0,0
2,141,0,0,0,0,0,0
2,142,1,22,0,0,0,0
2,143,0,0,0,0,0,0
2,144,1,90,0,0,0,0
2,145,0,67,0,0,0,0
2,146,0,0,0,0,0,0
2,147,0,0,0,0,0,0
2,148,4,90,0,1,0,0
2,149,1,71,0,0,0,0
2,150,0,0,0,0,0,0
2,151,1,22,0,0,0,0
2,152,0,0,0,0,0,0
2,153,1,16,0,0,0,0
2,154,7,90,1,0,0,0
2,155,0,0,0,0,0,0
2,156,7,67,1,0,0,0
2,157,0,0,0,0,0,0
2,158,0,0,0,0,0,0
2,159,1,13,0,0,0,0
2,160,1,12,0,0,0,0
2,161,7,67,1,0,0,0
2,162,1,10,0,0,0,0
2,163,0,0,0,0,0,0
2,164,0,0,0,0,0,0
2,165,9,90,1,1,0,2
2,166,2,70,0,0,0,0
2,167,1,24,0,0,0,0
2,168,0,0,0,0,0,0
2,169,0,0,0,0,0,0
2,170,0,0,0,0,0,0
2,171,0,0,0,0,0,0
2,172,0,0,0,0,0,0
2,173,8,77,0,0,1,2
2,174,0,0,0,0,0,0
2,175,2,90,0,0,0,0
2,176,2,90,0,0,0,0
2,177,0,0,0,0,0,0
2,178,0,0,0,0,0,0
2,179,0,0,0,0,0,0
2,180,0,0,0,0,0,0
2,181,0,0,0,0,0,0
2,182,1,90,0,0,0,0
2,183,3,70,0,0,1,0
2,184,2,90,0,0,0,0
2,185,1,31,0,0,0,0
2,186,1,57,0,0,0,0
2,187,0,0,0,0,0,0
2,188,1,19,0,0,0,0
2,189,0,0,0,0,0,0
2,190,1,58,0,0,0,0
2,191,0,0,0,0,0,0
2,192,0,0,0,0,0,0
2,193,0,0,0,0,0,0
2,194,1,32,0,0,0,0
2,195,0,0,0,0,0,0
2,196,0,0,0,0,0,0
2,197,0,0,0,0,0,0
2,198,1,90,0,0,0,0
2,199,0,0,0,0,0,0
2,200,1,90,0,0,0,0
2,201,0,0,0,0,0,0
2,202,0,90,0,0,0,0
2,203,0,90,0,0,0,0
2,204,0,90,0,0,0,0
2,205,0,0,0,0,0,0
2,206,0,0,0,0,0,0
2,207,1,15,0,0,0,0
2,208,0,0,0,0,0,0
2,209,1,28,0,0,0,0
2,210,2,90,0,0,0,0
2,211,5,67,0,1,0,0
2,212,0,0,0,0,0,0
2,213,0,0,0,0,0,0
2,214,2,90,0,0,0,0
2,215,0,0,0,0,0,0
2,216,0,0,0,0,0,0
2,217,0,0,0,0,0,0
2,218,0,0,0,0,0,0
2,219,0,0,0,0,0,0
2,220,0,0,0,0,0,0
2,221,0,0,0,0,0,0
2,222,2,62,0,0,0,0
2,223,0,0,0,0,0,0
2,224,2,67,0,0,0,0
2,225,0,0,0,0,0,0
2,226,3,90,0,0,0,0
2,227,0,0,0,0,0,0
2,228,0,0,0,0,0,0
2,229,12,90,1,0,0,2
2,230,4,90,0,0,0,0
2,231,0,0,0,0,0,0
2,232,0,0,0,0,0,0
2,233,4,90,0,0,0,0
2,234,0,0,0,0,0,0
2,235,0,0,0,0,0,0
2,236,2,90,0,0,0,0
2,237,4,90,0,0,0,0
2,238,0,0,0,0,0,0
2,239,1,61,0,0,0,0
2,240,1,4,0,0,0,0
2,241,1,22,0,0,0,0
2,242,2,61,0,0,0,0
2,243,0,4,0,0,0,0
2,244,2,86,0,0,0,0
2,245,0,0,0,0,0,0
2,246,2,85,0,0,0,0
2,247,1,28,0,0,0,0
2,248,1,20,0,0,0,0
2,249,2,69,0,0,0,0
2,250,3,90,0,0,0,0
2,251,0,0,0,0,0,0
2,252,0,0,0,0,0,0
2,253,1,90,0,0,0,0
2,254,2,90,0,0,0,0
2,255,0,0,0,0,0,0
2,256,0,0,0,0,0,0
2,257,2,90,0,0,0,0
2,258,6,67,0,0,1,0
2,259,2,90,0,0,0,0
2,260,1,45,0,0,0,0
2,261,2,90,0,0,0,0
2,262,1,14,0,0,0,0
2,263,1,7,0,0,0,0
2,264,3,67,0,0,1,0
2,265,2,82,0,0,0,0
2,266,0,0,0,0,0,0
2,267,1,72,0,0,0,0
2,268,2,90,0,0,0,0
2,269,1,22,0,0,0,0
2,270,0,0,0,0,0,0
2,271,0,0,0,0,0,0
2,272,0,0,0,0,0,0
2,273,0,0,0,0,0,0
2,274,0,0,0,0,0,0
2,275,0,0,0,0,0,0
2,276,0,0,0,0,0,0
2,277,9,90,0,0,1,1
2,278,0,0,0,0,0,0
2,279,6,90,0,0,1,0
2,280,0,45,0,0,0,0
2,281,1,45,0,0,0,0
2,282,6,90,0,0,1,0
2,283,0,0,0,0,0,0
2,284,0,0,0,0,0,0
2,285,0,0,0,0,0,0
2,286,6,82,0,1,1,0
2,287,6,31,1,0,0,0
2,288,0,0,0,0,0,0
2,289,0,0,0,0,0,0
2,290,2,90,0,0,1,0
2,291,0,0,0,0,0,0
2,292,0,0,0,0,0,0
2,293,0,0,0,0,0,0
2,294,0,0,0,0,0,0
2,295,1,90,0,0,1,0
2,296,0,0,0,0,0,0
2,297,0,0,0,0,0,0
2,298,0,0,0,0,0,0
2,299,0,0,0,0,0,0
2,300,0,0,0,0,0,0
2,301,0,0,0,0,0,0
2,302,0,0,0,0,0,0
2,303,0,0,0,0,0,0
2,304,0,90,0,0,0,0
2,305,6,90,1,0,0,0
2,306,-1,90,0,0,0,0
2,307,0,0,0,0,0,0
2,308,1,17,0,0,0,0
2,309,2,61,0,0,0,0
2,310,0,0,0,0,0,0
2,311,0,0,0,0,0,0
2,312,0,0,0,0,0,0
2,313,0,0,0,0,0,0
2,314,0,0,0,0,0,0
2,315,4,82,0,1,0,0
2,316,1,45,0,0,0,0
2,317,0,0,0,0,0,0
2,318,0,0,0,0,0,0
2,319,0,0,0,0,0,0
2,320,5,45,1,0,0,0
2,321,0,0,0,0,0,0
2,322,0,0,0,0,0,0
2,323,1,7,0,0,0,0
2,324,0,0,0,0,0,0
2,325,0,0,0,0,0,0
2,326,0,0,0,0,0,0
2,327,1,45,0,0,0,0
2,328,0,0,0,0,0,0
2,329,1,33,0,0,0,0
2,330,2,67,0,0,0,0
2,331,0,0,0,0,0,0
2,332,2,90,0,0,0,0
2,333,0,0,0,0,0,0
2,334,4,90,0,0,0,0
2,335,4,90,0,0,0,0
2,336,2,68,0,0,0,0
2,337,1,45,0,0,0,0
2,338,2,90,0,0,0,0
2,339,0,0,0,0,0,0
2,340,0,0,0,0,0,0
2,341,0,0,0,0,0,0
2,342,0,0,0,0,0,0
2,343,1,22,0,0,0,0
2,344,0,0,0,0,0,0
2,345,1,45,0,0,0,0
2,346,8,90,1,0,0,2
2,347,4,21,0,1,0,0
2,348,0,0,0,0,0,0
2,349,0,0,0,0,0,0
2,350,0,90,0,0,0,0
2,351,0,0,0,0,0,0
2,352,0,0,0,0,0,0
2,353,0,0,0,0,0,0
2,354,0,0,0,0,0,0
2,355,0,0,0,0,0,0
2,356,1,90,0,0,0,0
2,357,1,70,0,0,0,0
2,358,1,70,0,0,0,0
2,359,0,0,0,0,0,0
2,360,0,0,0,0,0,0
2,361,0,0,0,0,0,0
2,362,3,76,0,0,0,0
2,363,0,0,0,0,0,0
2,364,1,19,0,0,0,0
2,365,0,0,0,0,0,0
2,366,4,90,0,1,0,0
2,367,5,70,0,1,0,0
2,368,4,90,0,0,0,0
2,369,1,19,0,0,0,0
2,370,0,0,0,0,0,0
2,371,1,19,0,0,0,0
2,372,2,76,0,0,0,0
2,373,0,0,0,0,0,0
2,374,0,0,0,0,0,0
2,375,1,13,0,0,0,0
2,376,0,0,0,0,0,0
2,377,6,90,1,0,0,0
2,378,0,0,0,0,0,0
2,379,8,90,1,0,0,2
2,380,0,0,0,0,0,0
2,381,0,0,0,0,0,0
2,382,0,0,0,0,0,0
2,383,0,0,0,0,0,0
2,384,0,90,0,0,0,0
2,385,3,90,0,0,0,0
2,386,0,0,0,0,0,0
2,387,2,88,0,0,0,0
2,388,2,90,0,0,0,0
2,389,0,0,0,0,0,0
2,390,2,90,0,0,0,0
2,391,5,74,0,1,0,0
2,392,0,0,0,0,0,0
2,393,2,88,0,0,0,0
2,394,0,0,0,0,0,0
2,395,0,0,0,0,0,0
2,396,1,1,0,0,0,0
2,397,5,90,0,1,0,0
2,398,9,90,0,2,0,1
2,399,14,81,2,0,0,3
2,400,0,0,0,0,0,0
2,401,2,90,0,0,0,0
2,402,0,0,0,0,0,0
2,403,0,0,0,0,0,0
2,404,0,0,0,0,0,0
2,405,2,70,0,0,1,0
2,406,1,15,0,0,0,0
2,407,0,0,0,0,0,0
2,408,0,0,0,0,0,0
2,409,0,0,0,0,0,0
2,410,0,0,0,0,0,0
2,411,13,90,2,0,0,3
2,412,2,90,0,0,0,0
2,413,0,0,0,0,0,0
2,414,0,0,0,0,0,0
2,415,1,10,0,0,0,0
2,416,0,0,0,0,0,0
2,417,2,73,0,0,0,0
2,418,4,90,0,1,0,0
2,419,1,90,0,0,0,0
2,420,1,16,0,0,0,0
2,421,0,0,0,0,0,0
2,422,1,17,0,0,0,0
2,423,2,72,0,0,0,0
2,424,0,0,0,0,0,0
2,425,0,0,0,0,0,0
2,426,23,90,3,1,0,3
2,427,11,90,1,1,0,2
2,428,9,79,0,2,0,1
2,429,2,79,0,0,0,0
2,430,0,0,0,0,0,0
2,431,0,0,0,0,0,0
2,432,4,79,0,0,0,0
2,433,0,0,0,0,0,0
2,434,0,0,0,0,0,0
2,435,0,0,0,0,0,0
2,436,0,0,0,0,0,0
2,437,0,0,0,0,0,0
2,438,0,0,0,0,0,0
2,439,1,10,0,0,0,0
2,440,0,0,0,0,0,0
2,441,0,0,0,0,0,0
2,442,0,0,0,0,0,0
2,443,0,0,0,0,0,0
2,444,0,0,0,0,0,0
2,445,6,90,0,0,1,0
2,446,0,0,0,0,0,0
2,447,5,90,0,0,1,0
2,448,0,0,0,0,0,0
2,449,11,90,0,0,1,3
2,450,0,0,0,0,0,0
2,451,0,0,0,0,0,0
2,452,1,19,0,0,0,0
2,453,3,90,0,0,1,0
2,454,8,81,1,0,1,0
2,455,2,74,0,0,0,0
2,456,1,8,0,0,0,0
2,457,1,8,0,0,0,0
2,458,0,0,0,0,0,0
2,459,3,90,0,0,1,0
2,460,3,70,0,0,1,0
2,461,1,1,0,0,0,0
2,462,1,19,0,0,0,0
2,463,4,19,0,1,0,0
2,464,8,81,1,0,1,2
2,465,0,0,0,0,0,0
2,466,0,0,0,0,0,0
2,467,1,90,0,0,0,0
2,468,0,0,0,0,0,0
2,469,6,90,0,1,0,0
2,470,0,0,0,0,0,0
2,471,3,90,0,0,0,0
2,472,1,90,0,0,0,0
2,473,0,85,0,0,0,0
2,474,1,90,0,0,0,0
2,475,0,0,0,0,0,0
2,476,0,0,0,0,0,0
2,477,0,0,0,0,0,0
2,478,1,4,0,0,0,0
2,479,0,0,0,0,0,0
2,480,13,90,1,1,0,3
2,481,3,81,0,0,0,0
2,482,1,1,0,0,0,0
2,483,9,65,1,0,0,2
2,484,0,0,0,0,0,0
2,485,0,0,0,0,0,0
2,486,2,90,0,0,0,0
2,487,1,1,0,0,0,0
2,488,0,0,0,0,0,0
2,489,0,0,0,0,0,0
2,490,0,0,0,0,0,0
2,491,1,90,0,0,0,0
2,492,2,90,0,0,0,0
2,493,0,0,0,0,0,0
2,494,0,0,0,0,0,0
2,495,0,0,0,0,0,0
2,496,1,90,0,0,0,0
2,497,0,0,0,0,0,0
2,498,0,0,0,0,0,0
2,499,1,90,0,0,0,0
2,500,0,0,0,0,0,0
2,501,0,0,0,0,0,0
2,502,2,67,0,0,0,0
2,503,0,90,0,0,0,0
2,504,0,90,0,0,0,0
2,505,0,0,0,0,0,0
2,506,1,22,0,0,0,0
2,507,0,0,0,0,0,0
2,508,0,0,0,0,0,0
2,509,0,0,0,0,0,0
2,510,0,0,0,0,0,0
2,511,0,0,0,0,0,0
2,512,1,22,0,0,0,0
2,513,0,0,0,0,0,0
2,514,2,67,0,0,0,0
2,515,0,0,0,0,0,0
2,516,2,90,0,0,0,0
2,517,0,0,0,0,0,0
2,518,0,0,0,0,0,0
2,519,0,0,0,0,0,0
2,520,0,0,0,0,0,0
2,521,0,0,0,0,0,0
2,522,2,67,0,0,0,0
2,523,1,22,0,0,0,0
2,524,0,0,0,0,0,0
2,525,2,90,0,0,0,0
2,526,1,15,0,0,0,0
2,527,0,0,0,0,0,0
2,528,0,0,0,0,0,0
2,529,6,90,0,0,1,0
2,530,0,0,0,0,0,0
2,531,0,0,0,0,0,0
2,532,8,90,0,0,1,0
2,533,9,90,0,0,1,1
2,534,6,90,0,0,1,0
2,535,0,0,0,0,0,0
2,536,6,90,0,0,1,0
2,537,0,0,0,0,0,0
2,538,0,0,0,0,0,0
2,539,0,0,0,0,0,0
2,540,0,0,0,0,0,0
2,541,6,90,0,0,1,0
2,542,3,89,0,0,1,0
2,543,4,18,0,1,0,0
2,544,6,90,0,0,1,3
2,545,3,90,0,0,1,0
2,546,0,0,0,0,0,0
2,547,1,1,0,0,0,0
2,548,1,7,0,0,0,0
2,549,0,0,0,0,0,0
2,550,0,0,0,0,0,0
2,551,3,64,0,0,1,0
2,552,2,63,0,0,1,0
2,553,8,26,1,0,0,3
2,554,0,0,0,0,0,0
2,555,0,0,0,0,0,0
2,556,0,0,0,0,0,0
2,557,0,45,0,0,0,0
2,558,4,90,0,0,0,0
2,559,0,0,0,0,0,0
2,560,0,0,0,0,0,0
2,561,0,0,0,0,0,0
2,562,2,72,0,0,0,0
2,563,1,45,0,0,0,0
2,564,2,90,0,0,0,0
2,565,4,90,0,0,0,0
2,566,4,90,0,0,0,0
2,567,7,90,0,0,1,0
2,568,1,8,0,0,0,0
2,569,2,90,0,0,0,0
2,570,1,75,0,0,0,0
2,571,0,0,0,0,0,0
2,572,10,90,0,0,1,3
2,573,0,0,0,0,0,0
2,574,0,0,0,0,0,0
2,575,3,70,0,0,1,0
2,576,0,58,0,0,0,0
2,577,1,73,0,0,0,0
2,578,0,0,0,0,0,0
2,579,0,13,0,0,0,0
2,580,1,22,0,0,0,0
2,581,0,0,0,0,0,0
2,582,0,0,0,0,0,0
2,583,1,18,0,0,0,0
2,584,1,19,0,0,0,0
2,585,1,31,0,0,0,0
2,586,1,58,0,0,0,0
2,587,0,0,0,0,0,0
2,588,2,74,0,0,0,0
2,589,1,45,0,0,0,0
2,590,0,0,0,0,0,0
2,591,5,90,0,1,0,0
2,592,1,17,0,0,0,0
2,593,11,90,0,1,1,2
2,594,1,10,0,0,0,0
2,595,1,22,0,0,0,0
2,596,0,0,0,0,0,0
2,597,2,90,0,0,0,0
2,598,1,56,0,0,0,0
2,599,0,0,0,0,0,0
2,600,1,16,0,0,0,0
2,601,0,0,0,0,0,0
2,602,0,0,0,0,0,0
2,603,0,0,0,0,0,0
2,604,0,0,0,0,0,0
2,605,8,73,1,0,0,1
2,606,0,0,0,0,0,0
2,607,0,0,0,0,0,0
2,608,0,0,0,0,0,0
2,609,0,0,0,0,0,0
2,610,0,0,0,0,0,0
2,611,1,12,0,0,0,0
2,612,0,0,0,0,0,0
2,613,0,0,0,0,0,0
2,614,0,0,0,0,0,0
2,615,0,0,0,0,0,0
2,616,1,8,0,0,0,0
2,617,1,7,0,0,0,0
2,618,0,0,0,0,0,0
2,619,1,28,0,0,0,0
2,620,0,0,0,0,0,0
2,621,1,8,0,0,0,0
2,622,1,1,0,0,0,0
2,623,0,0,0,0,0,0
2,624,0,0,0,0,0,0
2,625,0,0,0,0,0,0
2,626,0,0,0,0,0,0
3,1,3,90,0,0,0,0
3,2,0,0,0,0,0,0
3,3,0,0,0,0,0,0
3,4,2,90,0,0,0,0
3,5,0,0,0,0,0,0
3,6,0,0,0,0,0,0
3,7,2,66,0,0,0,0
3,8,2,66,0,0,0,0
3,9,1,23,0,0,0,0
3,10,2,90,0,0,0,0
3,11,0,0,0,0,0,0
3,12,2,89,0,0,0,0
3,13,5,90,0,1,0,0
3,14,0,0,0,0,0,0
3,15,10,76,1,0,0,3
3,16,1,1,0,0,0,0
3,17,0,13,0,0,0,0
3,18,0,0,0,0,0,0
3,19,1,23,0,0,0,0
3,20,0,0,0,0,0,0
3,21,0,0,0,0,0,0
3,22,0,0,0,0,0,0
3,23,0,0,0,0,0,0
3,24,0,0,0,0,0,0
3,25,1,12,0,0,0,0
3,26,8,77,1,0,0,2
3,27,0,0,0,0,0,0
3,28,3,90,0,0,0,0
3,29,0,0,0,0,0,0
3,30,0,0,0,0,0,0
3,31,4,90,0,0,0,0
3,32,6,84,0,0,1,0
3,33,6,90,0,0,1,0
3,34,0,0,0,0,0,0
3,35,0,0,0,0,0,0
3,36,7,74,0,0,1,1
3,37,6,90,0,0,1,0
3,38,0,0,0,0,0,0
3,39,0,0,0,0,0,0
3,40,6,86,1,0,0,0
3,41,3,74,0,0,1,0
3,42,0,0,0,0,0,0
3,43,2,90,0,0,0,0
3,44,0,0,0,0,0,0
3,45,3,90,0,0,1,0
3,46,3,90,0,0,1,0
3,47,3,90,0,0,1,0
3,48,0,0,0,0,0,0
3,49,0,0,0,0,0,0
3,50,0,0,0,0,0,0
3,51,3,74,0,0,1,0
3,52,1,15,0,0,0,0
3,53,0,0,0,0,0,0
3,54,0,0,0,0,0,0
3,55,0,0,0,0,0,0
3,56,1,5,0,0,0,0
3,57,1,90,0,0,0,0
3,58,0,0,0,0,0,0
3,59,0,0,0,0,0,0
3,60,1,90,0,0,0,0
3,61,0,90,0,0,0,0
3,62,0,0,0,0,0,0
3,63,0,0,0,0,0,0
3,64,0,90,0,0,0,0
3,65,0,0,0,0,0,0
3,66,0,0,0,0,0,0
3,67,2,88,0,0,0,0
3,68,10,88,1,0,0,3
3,69,10,90,0,2,0,2
3,70,1,75,0,0,0,0
3,71,1,14,0,0,0,0
3,72,1,1,0,0,0,0
3,73,4,75,0,0,0,0
3,74,1,14,0,0,0,0
3,75,1,1,0,0,0,0
3,76,0,0,0,0,0,0
3,77,0,0,0,0,0,0
3,78,0,0,0,0,0,0
3,79,2,90,0,0,0,0
3,80,0,0,0,0,0,0
3,81,0,0,0,0,0,0
3,82,2,90,0,0,0,0
3,83,0,0,0,0,0,0
3,84,1,16,0,0,0,0
3,85,0,0,0,0,0,0
3,86,2,90,0,0,0,0
3,87,2,90,0,0,0,0
3,88,1,45,0,0,0,0
3,89,0,0,0,0,0,0
3,90,1,45,0,0,0,0
3,91,3,90,0,0,0,0
3,92,0,0,0,0,0,0
3,93,4,73,0,0,0,0
3,94,2,90,0,0,0,0
3,95,1,45,0,0,0,0
3,96,8,85,0,1,0,3
3,97,0,0,0,0,0,0
3,98,11,90,1,0,0,3
3,99,0,0,0,0,0,0
3,100,0,0,0,0,0,0
3,101,0,0,0,0,0,0
3,102,0,45,0,0,0,0
3,103,0,0,0,0,0,0
3,104,2,62,0,0,0,0
3,105,1,45,0,0,0,0
3,106,2,90,0,0,0,0
3,107,0,0,0,0,0,0
3,108,1,4,0,0,0,0
3,109,3,90,0,0,0,0
3,110,2,90,0,0,0,0
3,111,0,0,0,0,0,0
3,112,8,90,0,0,1,2
3,113,2,77,0,0,0,0
3,114,2,90,0,0,0,0
3,115,4,76,0,1,0,0
3,116,5,90,0,0,0,1
3,117,0,0,0,0,0,0
3,118,0,0,0,0,0,0
3,119,1,12,0,0,0,0
3,120,0,0,0,0,0,0
3,121,0,0,0,0,0,0
3,122,0,0,0,0,0,0
3,123,0,0,0,0,0,0
3,124,1,90,0,0,0,0
3,125,0,0,0,0,0,0
3,126,0,0,0,0,0,0
3,127,2,90,0,0,0,0
3,128,0,0,0,0,0,0
3,129,2,90,0,0,0,0
3,130,0,0,0,0,0,0
3,131,0,0,0,0,0,0
3,132,0,0,0,0,0,0
3,133,0,0,0,0,0,0
3,134,0,0,0,0,0,0
3,135,0,0,0,0,0,0
3,136,1,3,0,0,0,0
3,137,0,0,0,0,0,0
3,138,2,90,0,0,0,0
3,139,0,0,0,0,0,0
3,140,0,0,0,0,0,0
3,141,0,0,0,0,0,0
3,142,1,90,0,0,0,0
3,143,0,0,0,0,0,0
3,144,1,30,0,0,0,0
3,145,3,90,0,0,0,0
3,146,0,0,0,0,0,0
3,147,0,0,0,0,0,0
3,148,3,59,0,1,0,0
3,149,0,0,0,0,0,0
3,150,0,0,0,0,0,0
3,151,1,90,0,0,0,0
3,152,0,0,0,0,0,0
3,153,3,90,0,0,0,0
3,154,1,90,0,0,0,0
3,155,3,75,0,0,1,0
3,156,2,80,0,0,0,0
3,157,1,9,0,0,0,0
3,158,0,0,0,0,0,0
3,159,0,0,0,0,0,0
3,160,1,15,0,0,0,0
3,161,1,59,0,0,0,0
3,162,1,6,0,0,0,0
3,163,0,0,0,0,0,0
3,164,0,0,0,0,0,0
3,165,1,90,0,0,0,0
3,166,2,84,0,0,1,0
3,167,2,73,0,0,1,0
3,168,0,0,0,0,0,0
3,169,0,0,0,0,0,0
3,170,0,0,0,0,0,0
3,171,0,0,0,0,0,0
3,172,0,0,0,0,0,0
3,173,4,90,0,0,0,0
3,174,0,0,0,0,0,0
3,175,3,90,0,0,0,0
3,176,2,84,0,0,0,0
3,177,0,0,0,0,0,0
3,178,0,0,0,0,0,0
3,179,0,0,0,0,0,0
3,180,0,0,0,0,0,0
3,181,0,0,0,0,0,0
3,182,2,90,0,0,0,0
3,183,2,62,0,0,0,0
3,184,2,90,0,0,0,0
3,185,0,0,0,0,0,0
3,186,2,70,0,0,0,0
3,187,0,0,0,0,0,0
3,188,0,0,0,0,0,0
3,189,0,0,0,0,0,0
3,190,1,27,0,0,0,0
3,191,0,0,0,0,0,0
3,192,0,0,0,0,0,0
3,193,0,0,0,0,0,0
3,194,1,19,0,0,0,0
3,195,1,19,0,0,0,0
3,196,0,0,0,0,0,0
3,197,0,0,0,0,0,0
3,198,2,90,0,0,0,0
3,199,0,0,0,0,0,0
3,200,2,90,0,0,0,0
3,201,1,31,0,0,0,0
3,202,1,90,0,0,0,0
3,203,1,90,0,0,0,0
3,204,15,73,2,0,0,2
3,205,0,0,0,0,0,0
3,206,0,0,0,0,0,0
3,207,1,1,0,0,0,0
3,208,0,0,0,0,0,0
3,209,1,65,0,0,0,0
3,210,2,90,0,0,0,0
3,211,5,88,0,1,0,0
3,212,1,16,0,0,0,0
3,213,0,0,0,0,0,0
3,214,5,88,0,1,0,0
3,215,0,0,0,0,0,0
3,216,0,0,0,0,0,0
3,217,0,0,0,0,0,0
3,218,0,0,0,0,0,0
3,219,0,0,0,0,0,0
3,220,0,0,0,0,0,0
3,221,0,0,0,0,0,0
3,222,1,45,0,0,0,0
3,223,0,0,0,0,0,0
3,224,4,45,0,1,0,0
3,225,0,0,0,0,0,0
3,226,1,90,0,0,0,0
3,227,0,0,0,0,0,0
3,228,0,0,0,0,0,0
3,229,3,90,0,0,0,0
3,230,3,90,0,0,0,0
3,231,0,0,0,0,0,0
3,232,0,0,0,0,0,0
3,233,1,90,0,0,0,0
3,234,0,0,0,0,0,0
3,235,0,0,0,0,0,0
3,236,2,90,0,0,0,0
3,237,3,86,0,0,1,0
3,238,1,24,0,0,0,0
3,239,2,76,0,0,0,0
3,240,0,0,0,0,0,0
3,241,0,0,0,0,0,0
3,242,10,90,1,0,0,3
3,243,0,0,0,0,0,0
3,244,1,90,0,0,0,0
3,245,0,0,0,0,0,0
3,246,1,74,0,0,0,0
3,247,4,15,0,1,0,0
3,248,0,0,0,0,0,0
3,249,2,90,0,0,0,0
3,250,1,90,0,0,0,0
3,251,0,0,0,0,0,0
3,252,0,0,0,0,0,0
3,253,1,90,0,0,0,0
3,254,1,78,0,0,0,0
3,255,0,0,0,0,0,0
3,256,0,0,0,0,0,0
3,257,1,90,0,0,0,0
3,258,1,90,0,0,0,0
3,259,3,90,0,0,0,0
3,260,0,17,0,0,0,0
3,261,2,82,0,0,0,0
3,262,1,11,0,0,0,0
3,263,0,0,0,0,0,0
3,264,2,78,0,0,0,0
3,265,1,29,0,0,0,0
3,266,0,0,0,0,0,0
3,267,2,90,0,0,0,0
3,268,10,90,1,0,0,3
3,269,1,11,0,0,0,0
3,270,0,0,0,0,0,0
3,271,1,7,0,0,0,0
3,272,0,0,0,0,0,0
3,273,0,0,0,0,0,0
3,274,0,0,0,0,0,0
3,275,0,0,0,0,0,0
3,276,0,0,0,0,0,0
3,277,6,90,0,0,1,0
3,278,0,0,0,0,0,0
3,279,5,90,0,0,1,0
3,280,6,63,0,0,1,0
3,281,0,0,0,0,0,0
3,282,8,90,0,0,1,2
3,283,0,0,0,0,0,0
3,284,0,0,0,0,0,0
3,285,0,0,0,0,0,0
3,286,5,81,0,0,1,0
3,287,0,0,0,0,0,0
3,288,0,0,0,0,0,0
3,289,0,0,0,0,0,0
3,290,3,90,0,0,1,0
3,291,0,0,0,0,0,0
3,292,0,0,0,0,0,0
3,293,0,0,0,0,0,0
3,294,0,0,0,0,0,0
3,295,2,90,0,0,1,0
3,296,0,0,0,0,0,0
3,297,0,0,0,0,0,0
3,298,0,0,0,0,0,0
3,299,0,0,0,0,0,0
3,300,0,0,0,0,0,0
3,301,0,0,0,0,0,0
3,302,0,0,0,0,0,0
3,303,0,0,0,0,0,0
3,304,3,90,0,0,0,0
3,305,1,90,0,0,0,0
3,306,1,90,0,0,0,0
3,307,0,0,0,0,0,0
3,308,0,0,0,0,0,0
3,309,0,0,0,0,0,0
3,310,0,0,0,0,0,0
3,311,0,0,0,0,0,0
3,312,0,0,0,0,0,0
3,313,1,24,0,0,0,0
3,314,0,0,0,0,0,0
3,315,2,78,0,0,0,0
3,316,2,65,0,0,0,0
3,317,0,0,0,0,0,0
3,318,0,0,0,0,0,0
3,319,0,0,0,0,0,0
3,320,0,0,0,0,0,0
3,321,0,0,0,0,0,0
3,322,0,0,0,0,0,0
3,323,1,11,0,0,0,0
3,324,0,0,0,0,0,0
3,325,0,0,0,0,0,0
3,326,0,0,0,0,0,0
3,327,1,29,0,0,0,0
3,328,1,1,0,0,0,0
3,329,0,0,0,0,0,0
3,330,14,60,1,0,1,3
3,331,2,90,0,0,0,0
3,332,4,90,0,0,0,0
3,333,0,0,0,0,0,0
3,334,4,90,0,0,0,0
3,335,2,90,0,0,0,0
3,336,3,61,0,0,1,0
3,337,1,28,0,0,0,0
3,338,2,90,0,0,0,0
3,339,0,0,0,0,0,0
3,340,0,0,0,0,0,0
3,341,0,0,0,0,0,0
3,342,0,0,0,0,0,0
3,343,0,0,0,0,0,0
3,344,0,0,0,0,0,0
3,345,5,72,0,1,0,0
3,346,1,72,0,0,0,0
3,347,1,17,0,0,0,0
3,348,0,0,0,0,0,0
3,349,0,0,0,0,0,0
3,350,8,90,0,0,1,1
3,351,0,0,0,0,0,0
3,352,0,0,0,0,0,0
3,353,0,0,0,0,0,0
3,354,0,0,0,0,0,0
3,355,0,0,0,0,0,0
3,356,6,90,0,0,1,0
3,357,0,0,0,0,0,0
3,358,5,90,0,0,1,0
3,359,0,0,0,0,0,0
3,360,0,0,0,0,0,0
3,361,0,0,0,0,0,0
3,362,5,90,0,0,1,0
3,363,0,0,0,0,0,0
3,364,0,0,0,0,0,0
3,365,0,0,0,0,0,0
3,366,3,90,0,0,1,0
3,367,11,90,0,2,1,2
3,368,3,90,0,0,1,0
3,369,0,0,0,0,0,0
3,370,0,0,0,0,0,0
3,371,1,26,0,0,0,0
3,372,2,83,0,0,1,0
3,373,0,0,0,0,0,0
3,374,0,0,0,0,0,0
3,375,1,6,0,0,0,0
3,376,0,0,0,0,0,0
3,377,3,63,0,0,1,0
3,378,0,0,0,0,0,0
3,379,13,63,2,0,1,3
3,380,0,0,0,0,0,0
3,381,1,1,0,0,0,0
3,382,0,0,0,0,0,0
3,383,0,0,0,0,0,0
3,384,7,90,0,0,1,0
3,385,3,90,0,0,0,0
3,386,0,0,0,0,0,0
3,387,0,0,0,0,0,0
3,388,8,90,0,0,1,2
3,389,0,0,0,0,0,0
3,390,6,90,0,0,1,0
3,391,8,90,0,0,1,2
3,392,0,0,0,0,0,0
3,393,5,90,0,0,1,0
3,394,0,0,0,0,0,0
3,395,0,0,0,0,0,0
3,396,0,0,0,0,0,0
3,397,6,90,0,1,1,0
3,398,1,24,0,0,0,0
3,399,3,65,0,0,1,0
3,400,0,0,0,0,0,0
3,401,2,83,0,0,1,0
3,402,0,0,0,0,0,0
3,403,3,60,0,0,1,0
3,404,0,0,0,0,0,0
3,405,2,76,0,0,0,0
3,406,0,0,0,0,0,0
3,407,0,0,0,0,0,0
3,408,0,0,0,0,0,0
3,409,0,0,0,0,0,0
3,410,0,0,0,0,0,0
3,411,9,90,1,0,1,3
3,412,2,90,0,0,0,0
3,413,0,0,0,0,0,0
3,414,0,0,0,0,0,0
3,415,1,20,0,0,0,0
3,416,0,0,0,0,0,0
3,417,1,83,0,0,0,0
3,418,2,90,0,0,0,0
3,419,3,90,0,0,0,0
3,420,1,6,0,0,0,0
3,421,0,0,0,0,0,0
3,422,1,1,0,0,0,0
3,423,4,90,0,1,0,0
3,424,0,0,0,0,0,0
3,425,0,0,0,0,0,0
3,426,2,90,0,0,0,0
3,427,8,90,1,0,0,1
3,428,3,69,0,0,1,0
3,429,3,69,0,0,1,0
3,430,0,0,0,0,0,0
3,431,0,0,0,0,0,0
3,432,9,83,0,1,0,2
3,433,0,0,0,0,0,0
3,434,0,0,0,0,0,0
3,435,0,0,0,0,0,0
3,436,0,0,0,0,0,0
3,437,0,0,0,0,0,0
3,438,0,0,0,0,0,0
3,439,5,20,1,0,0,0
3,440,0,0,0,0,0,0
3,441,0,0,0,0,0,0
3,442,0,0,0,0,0,0
3,443,0,0,0,0,0,0
3,444,0,0,0,0,0,0
3,445,-1,90,0,0,0,0
3,446,0,0,0,0,0,0
3,447,1,90,0,0,0,0
3,448,0,0,0,0,0,0
3,449,4,89,0,1,0,0
3,450,1,1,0,0,0,0
3,451,0,0,0,0,0,0
3,452,0,0,0,0,0,0
3,453,12,90,1,1,0,2
3,454,1,76,0,0,0,0
3,455,5,90,0,0,1,0
3,456,6,27,1,0,0,0
3,457,1,13,0,0,0,0
3,458,0,0,0,0,0,0
3,459,2,62,0,0,0,0
3,460,2,62,0,0,0,0
3,461,0,0,0,0,0,0
3,462,1,13,0,0,0,0
3,463,0,0,0,0,0,0
3,464,1,90,0,0,0,0
3,465,0,0,0,0,0,0
3,466,0,0,0,0,0,0
3,467,6,90,0,0,1,0
3,468,0,0,0,0,0,0
3,469,7,90,0,0,1,1
3,470,0,0,0,0,0,0
3,471,7,90,0,0,1,0
3,472,8,89,0,0,1,0
3,473,1,58,0,0,0,0
3,474,8,90,0,0,1,0
3,475,0,0,0,0,0,0
3,476,0,0,0,0,0,0
3,477,0,0,0,0,0,0
3,478,0,0,0,0,0,0
3,479,0,0,0,0,0,0
3,480,3,90,0,0,1,0
3,481,3,90,0,0,1,0
3,482,0,0,0,0,0,0
3,483,1,58,0,0,0,0
3,484,0,0,0,0,0,0
3,485,0,0,0,0,0,0
3,486,2,90,0,0,1,0
3,487,0,0,0,0,0,0
3,488,0,0,0,0,0,0
3,489,0,0,0,0,0,0
3,490,1,16,0,0,0,0
3,491,1,31,0,0,0,0
3,492,2,70,0,0,0,0
3,493,0,0,0,0,0,0
3,494,0,0,0,0,0,0
3,495,0,0,0,0,0,0
3,496,6,90,0,0,1,0
3,497,0,0,0,0,0,0
3,498,0,0,0,0,0,0
3,499,7,90,0,0,1,1
3,500,0,0,0,0,0,0
3,501,2,90,0,0,0,0
3,502,1,29,0,0,0,0
3,503,9,90,0,0,1,3
3,504,12,90,1,0,0,2
3,505,0,0,0,0,0,0
3,506,5,60,0,0,1,0
3,507,0,0,0,0,0,0
3,508,0,0,0,0,0,0
3,509,0,0,0,0,0,0
3,510,0,0,0,0,0,0
3,511,0,0,0,0,0,0
3,512,1,29,0,0,0,0
3,513,0,0,0,0,0,0
3,514,3,73,0,0,1,0
3,515,0,0,0,0,0,0
3,516,5,90,0,0,1,0
3,517,0,0,0,0,0,0
3,518,0,0,0,0,0,0
3,519,3,83,0,0,1,0
3,520,0,0,0,0,0,0
3,521,0,0,0,0,0,0
3,522,0,0,0,0,0,0
3,523,0,0,0,0,0,0
3,524,0,0,0,0,0,0
3,525,0,7,0,0,0,0
3,526,1,6,0,0,0,0
3,527,0,0,0,0,0,0
3,528,0,0,0,0,0,0
3,529,2,90,0,0,0,0
3,530,0,0,0,0,0,0
3,531,0,0,0,0,0,0
3,532,4,90,0,0,0,0
3,533,4,90,0,0,0,0
3,534,1,26,0,0,0,0
3,535,0,0,0,0,0,0
3,536,2,90,0,0,0,0
3,537,0,0,0,0,0,0
3,538,0,0,0,0,0,0
3,539,0,0,0,0,0,0
3,540,0,0,0,0,0,0
3,541,2,63,0,0,0,0
3,542,8,90,1,0,0,1
3,543,0,0,0,0,0,0
3,544,3,90,0,0,0,0
3,545,1,73,0,0,0,0
3,546,0,0,0,0,0,0
3,547,0,0,0,0,0,0
3,548,0,0,0,0,0,0
3,549,0,0,0,0,0,0
3,550,0,0,0,0,0,0
3,551,2,63,0,0,0,0
3,552,2,90,0,0,0,0
3,553,4,26,0,1,0,0
3,554,0,0,0,0,0,0
3,555,0,0,0,0,0,0
3,556,0,0,0,0,0,0
3,557,5,90,0,1,0,1
3,558,3,90,0,0,1,0
3,559,0,0,0,0,0,0
3,560,0,0,0,0,0,0
3,561,0,0,0,0,0,0
3,562,2,65,0,0,0,0
3,563,0,0,0,0,0,0
3,564,2,90,0,0,0,0
3,565,0,45,0,0,0,0
3,566,1,90,0,0,0,0
3,567,2,90,0,0,0,0
3,568,0,0,0,0,0,0
3,569,2,90,0,0,0,0
3,570,8,60,1,0,0,1
3,571,0,0,0,0,0,0
3,572,6,90,0,0,1,0
3,573,0,0,0,0,0,0
3,574,1,8,0,0,0,0
3,575,1,27,0,0,0,0
3,576,3,62,0,0,1,0
3,577,0,0,0,0,0,0
3,578,1,16,0,0,0,0
3,579,8,90,0,0,1,0
3,580,2,78,0,0,0,0
3,581,1,1,0,0,0,0
3,582,0,0,0,0,0,0
3,583,1,30,0,0,0,0
3,584,1,5,0,0,0,0
3,585,1,19,0,0,0,0
3,586,8,70,0,0,1,0
3,587,0,0,0,0,0,0
3,588,3,90,0,0,0,0
3,589,2,81,0,0,1,0
3,590,0,0,0,0,0,0
3,591,1,90,0,0,0,0
3,592,1,12,0,0,0,0
3,593,1,90,0,0,0,0
3,594,0,13,0,0,0,0
3,595,0,0,0,0,0,0
3,596,1,15,0,0,0,0
3,597,10,90,0,0,1,3
3,598,4,90,0,0,0,0
3,599,0,0,0,0,0,0
3,600,0,0,0,0,0,0
3,601,0,0,0,0,0,0
3,602,0,0,0,0,0,0
3,603,0,0,0,0,0,0
3,604,0,0,0,0,0,0
3,605,2,90,0,0,0,0
3,606,0,0,0,0,0,0
3,607,0,0,0,0,0,0
3,608,1,1,0,0,0,0
3,609,0,0,0,0,0,0
3,610,0,0,0,0,0,0
3,611,1,5,0,0,0,0
3,612,0,0,0,0,0,0
3,613,0,0,0,0,0,0
3,614,0,0,0,0,0,0
3,615,0,0,0,0,0,0
3,616,1,14,0,0,0,0
3,617,1,8,0,0,0,0
3,618,0,0,0,0,0,0
3,619,4,77,0,0,0,0
3,620,0,0,0,0,0,0
3,621,1,3,0,0,0,0
3,622,0,0,0,0,0,0
3,623,0,0,0,0,0,0
3,624,0,0,0,0,0,0
3,625,0,0,0,0,0,0
3,626,0,0,0,0,0,0
3,627,1,26,0,0,0,0
3,628,0,0,0,0,0,0
3,629,0,0,0,0,0,0
3,630,0,0,0,0,0,0
3,631,0,0,0,0,0,0
3,632,0,0,0,0,0,0
3,633,0,0,0,0,0,0
3,634,1,27,0,0,0,0
3,635,1,11,0,0,0,0
3,636,0,0,0,0,0,0
3,637,0,0,0,0,0,0
3,638,1,26,0,0,0,0
3,639,0,0,0,0,0,0
3,640,1,24,0,0,0,0
3,641,0,0,0,0,0,0
3,642,1,27,0,0,0,0
3,643,7,16,1,0,0,0
3,644,2,73,0,0,0,0
3,645,0,0,0,0,0,0
3,646,1,16,0,0,0,0
3,647,1,1,0,0,0,0
3,648,0,0,0,0,0,0
3,649,7,13,1,0,0,0
3,650,0,0,0,0,0,0
3,651,0,0,0,0,0,0
3,652,0,0,0,0,0,0
3,653,0,0,0,0,0,0
3,654,0,0,0,0,0,0
4,1,14,90,0,0,1,3
4,2,0,0,0,0,0,0
4,3,0,0,0,0,0,0
4,4,9,90,0,0,1,2
4,5,1,45,0,0,0,0
4,6,0,0,0,0,0,0
4,7,1,45,0,0,0,0
4,8,6,90,0,0,1,0
4,9,0,0,0,0,0,0
4,10,1,45,0,0,0,0
4,11,0,0,0,0,0,0
4,12,8,90,1,0,1,0
4,13,6,80,0,1,1,0
4,14,1,9,0,0,0,0
4,15,3,84,0,0,1,0
4,16,0,0,0,0,0,0
4,17,1,5,0,0,0,0
4,18,0,0,0,0,0,0
4,19,1,9,0,0,0,0
4,20,0,0,0,0,0,0
4,21,0,0,0,0,0,0
4,22,0,0,0,0,0,0
4,23,0,0,0,0,0,0
4,24,0,0,0,0,0,0
4,25,0,0,0,0,0,0
4,26,1,90,0,0,1,0
4,27,0,0,0,0,0,0
4,28,2,90,0,0,0,0
4,29,0,0,0,0,0,0
4,30,0,0,0,0,0,0
4,31,6,90,0,0,1,0
4,32,0,0,0,0,0,0
4,33,0,65,0,0,0,0
4,34,1,24,0,0,0,0
4,35,0,0,0,0,0,0
4,36,1,90,0,0,0,0
4,37,1,90,0,0,0,0
4,38,0,0,0,0,0,0
4,39,0,0,0,0,0,0
4,40,8,90,1,0,0,1
4,41,2,62,0,0,0,0
4,42,0,0,0,0,0,0
4,43,2,66,0,0,0,0
4,44,0,0,0,0,0,0
4,45,6,90,0,1,0,1
4,46,2,62,0,0,0,0
4,47,2,90,0,0,0,0
4,48,0,0,0,0,0,0
4,49,0,0,0,0,0,0
4,50,0,0,0,0,0,0
4,51,1,45,0,0,0,0
4,52,6,45,1,0,0,0
4,53,1,27,0,0,0,0
4,54,0,0,0,0,0,0
4,55,0,0,0,0,0,0
4,56,1,45,0,0,0,0
4,57,1,90,0,0,0,0
4,58,0,0,0,0,0,0
4,59,0,0,0,0,0,0
4,60,2,90,0,0,0,0
4,61,3,90,0,0,0,0
4,62,0,0,0,0,0,0
4,63,0,0,0,0,0,0
4,64,0,90,0,0,0,0
4,65,0,0,0,0,0,0
4,66,0,0,0,0,0,0
4,67,2,81,0,0,0,0
4,68,8,82,1,0,0,2
4,69,4,90,0,0,0,0
4,70,8,65,1,0,0,1
4,71,0,8,0,0,0,0
4,72,1,8,0,0,0,0
4,73,2,81,0,0,0,0
4,74,0,7,0,0,0,0
4,75,1,24,0,0,0,0
4,76,0,0,0,0,0,0
4,77,0,0,0,0,0,0
4,78,0,0,0,0,0,0
4,79,5,90,0,1,0,0
4,80,0,0,0,0,0,0
4,81,1,1,0,0,0,0
4,82,3,90,0,0,0,0
4,83,0,0,0,0,0,0
4,84,0,0,0,0,0,0
4,85,0,0,0,0,0,0
4,86,1,59,0,0,0,0
4,87,1,90,0,0,0,0
4,88,1,19,0,0,0,0
4,89,0,0,0,0,0,0
4,90,1,70,0,0,0,0
4,91,2,90,0,0,0,0
4,92,0,0,0,0,0,0
4,93,3,90,0,0,0,0
4,94,15,90,2,0,0,3
4,95,1,30,0,0,0,0
4,96,1,30,0,0,0,0
4,97,0,0,0,0,0,0
4,98,4,90,0,0,0,0
4,99,0,0,0,0,0,0
4,100,0,0,0,0,0,0
4,101,0,0,0,0,0,0
4,102,4,59,0,1,0,0
4,103,0,0,0,0,0,0
4,104,2,72,0,0,0,0
4,105,1,59,0,0,0,0
4,106,1,90,0,0,0,0
4,107,0,0,0,0,0,0
4,108,0,0,0,0,0,0
4,109,8,90,0,0,1,0
4,110,0,90,0,0,0,0
4,111,0,0,0,0,0,0
4,112,8,90,0,0,1,0
4,113,6,90,0,0,1,0
4,114,6,77,0,0,1,0
4,115,11,90,0,1,1,2
4,116,12,90,1,0,1,0
4,117,0,0,0,0,0,0
4,118,0,0,0,0,0,0
4,119,1,6,0,0,0,0
4,120,0,0,0,0,0,0
4,121,0,0,0,0,0,0
4,122,0,0,0,0,0,0
4,123,0,0,0,0,0,0
4,124,17,90,1,2,1,3
4,125,0,0,0,0,0,0
4,126,1,6,0,0,0,0
4,127,3,83,0,0,1,0
4,128,0,0,0,0,0,0
4,129,8,90,1,0,1,0
4,130,0,0,0,0,0,0
4,131,0,0,0,0,0,0
4,132,0,0,0,0,0,0
4,133,0,0,0,0,0,0
4,134,0,0,0,0,0,0
4,135,0,0,0,0,0,0
4,136,1,12,0,0,0,0
4,137,0,0,0,0,0,0
4,138,10,83,1,1,1,1
4,139,0,0,0,0,0,0
4,140,0,0,0,0,0,0
4,141,0,0,0,0,0,0
4,142,1,90,0,0,0,0
4,143,0,0,0,0,0,0
4,144,1,77,0,0,0,0
4,145,1,85,0,0,0,0
4,146,0,0,0,0,0,0
4,147,1,5,0,0,0,0
4,148,0,45,0,0,0,0
4,149,1,90,0,0,0,0
4,150,0,0,0,0,0,0
4,151,0,0,0,0,0,0
4,152,0,0,0,0,0,0
4,153,-3,33,0,0,0,0
4,154,5,90,0,1,0,0
4,155,2,81,0,0,1,0
4,156,2,85,0,0,0,0
4,157,1,4,0,0,0,0
4,158,0,0,0,0,0,0
4,159,0,0,0,0,0,0
4,160,0,0,0,0,0,0
4,161,2,68,0,0,0,0
4,162,0,0,0,0,0,0
4,163,0,0,0,0,0,0
4,164,0,0,0,0,0,0
4,165,12,90,1,1,0,3
4,166,0,45,0,0,0,0
4,167,5,90,1,0,0,0
4,168,0,0,0,0,0,0
4,169,0,0,0,0,0,0
4,170,0,0,0,0,0,0
4,171,0,0,0,0,0,0
4,172,0,0,0,0,0,0
4,173,0,90,0,0,0,0
4,174,0,0,0,0,0,0
4,175,0,90,0,0,0,0
4,176,0,90,0,0,0,0
4,177,0,0,0,0,0,0
4,178,0,0,0,0,0,0
4,179,0,0,0,0,0,0
4,180,0,0,0,0,0,0
4,181,0,0,0,0,0,0
4,182,0,90,0,0,0,0
4,183,2,72,0,0,0,0
4,184,2,83,0,0,0,0
4,185,0,0,0,0,0,0
4,186,1,59,0,0,0,0
4,187,0,0,0,0,0,0
4,188,1,6,0,0,0,0
4,189,0,0,0,0,0,0
4,190,0,0,0,0,0,0
4,191,0,0,0,0,0,0
4,192,0,0,0,0,0,0
4,193,0,0,0,0,0,0
4,194,1,17,0,0,0,0
4,195,0,0,0,0,0,0
4,196,0,0,0,0,0,0
4,197,0,0,0,0,0,0
4,198,0,0,0,0,0,0
4,199,2,90,0,0,0,0
4,200,1,4,0,0,0,0
4,201,2,90,0,0,0,0
4,202,2,90,0,0,0,0
4,203,0,0,0,0,0,0
4,204,1,76,0,0,0,0
4,205,0,0,0,0,0,0
4,206,0,0,0,0,0,0
4,207,0,0,0,0,0,0
4,208,0,0,0,0,0,0
4,209,3,74,0,0,1,0
4,210,2,76,0,0,0,0
4,211,1,36,0,0,0,0
4,212,1,13,0,0,0,0
4,213,1,6,0,0,0,0
4,214,8,83,0,2,0,0
4,215,0,0,0,0,0,0
4,216,0,0,0,0,0,0
4,217,0,0,0,0,0,0
4,218,0,0,0,0,0,0
4,219,0,0,0,0,0,0
4,220,0,0,0,0,0,0
4,221,0,0,0,0,0,0
4,222,8,83,1,0,0,2
4,223,0,0,0,0,0,0
4,224,0,0,0,0,0,0
4,225,0,0,0,0,0,0
4,226,6,90,0,0,1,0
4,227,0,0,0,0,0,0
4,228,0,0,0,0,0,0
4,229,8,90,0,0,1,2
4,230,6,90,0,0,1,0
4,231,0,0,0,0,0,0
4,232,1,15,0,0,0,0
4,233,11,90,0,0,1,3
4,234,0,0,0,0,0,0
4,235,0,0,0,0,0,0
4,236,2,90,0,0,1,0
4,237,1,45,0,0,0,0
4,238,1,25,0,0,0,0
4,239,4,90,0,0,1,0
4,240,0,21,0,0,0,0
4,241,0,0,0,0,0,0
4,242,3,64,0,0,1,0
4,243,0,0,0,0,0,0
4,244,3,90,0,0,1,0
4,245,0,0,0,0,0,0
4,246,0,0,0,0,0,0
4,247,1,15,0,0,0,0
4,248,0,0,0,0,0,0
4,249,2,90,0,0,1,0
4,250,9,90,0,0,1,2
4,251,0,0,0,0,0,0
4,252,0,0,0,0,0,0
4,253,0,0,0,0,0,0
4,254,6,90,0,0,1,0
4,255,0,0,0,0,0,0
4,256,0,27,0,0,0,0
4,257,6,90,0,0,1,0
4,258,6,71,0,0,1,0
4,259,1,90,0,0,0,0
4,260,1,18,0,0,0,0
4,261,3,76,0,0,1,0
4,262,1,13,0,0,0,0
4,263,1,18,0,0,0,0
4,264,3,62,0,0,1,0
4,265,3,90,0,0,1,0
4,266,0,0,0,0,0,0
4,267,1,76,0,0,0,0
4,268,3,76,0,0,1,0
4,269,0,0,0,0,0,0
4,270,0,0,0,0,0,0
4,271,1,13,0,0,0,0
4,272,0,0,0,0,0,0
4,273,0,0,0,0,0,0
4,274,0,0,0,0,0,0
4,275,0,0,0,0,0,0
4,276,0,0,0,0,0,0
4,277,2,90,0,0,0,0
4,278,0,0,0,0,0,0
4,279,1,90,0,0,0,0
4,280,1,81,0,0,0,0
4,281,0,0,0,0,0,0
4,282,4,90,0,1,0,0
4,283,0,0,0,0,0,0
4,284,0,0,0,0,0,0
4,285,0,0,0,0,0,0
4,286,13,59,2,0,0,2
4,287,0,0,0,0,0,0
4,288,0,0,0,0,0,0
4,289,1,68,0,0,0,0
4,290,2,90,0,0,0,0
4,291,0,0,0,0,0,0
4,292,0,0,0,0,0,0
4,293,0,0,0,0,0,0
4,294,0,0,0,0,0,0
4,295,4,81,0,1,0,0
4,296,0,0,0,0,0,0
4,297,0,0,0,0,0,0
4,298,0,0,0,0,0,0
4,299,0,0,0,0,0,0
4,300,0,0,0,0,0,0
4,301,0,0,0,0,0,0
4,302,0,0,0,0,0,0
4,303,0,0,0,0,0,0
4,304,1,90,0,0,0,0
4,305,14,90,1,2,0,1
4,306,1,87,0,0,0,0
4,307,0,0,0,0,0,0
4,308,0,0,0,0,0,0
4,309,0,0,0,0,0,0
4,310,0,0,0,0,0,0
4,311,0,0,0,0,0,0
4,312,0,0,0,0,0,0
4,313,1,62,0,0,0,0
4,314,0,0,0,0,0,0
4,315,1,61,0,0,0,0
4,316,12,62,1,1,0,3
4,317,0,0,0,0,0,0
4,318,1,28,0,0,0,0
4,319,0,0,0,0,0,0
4,320,0,0,0,0,0,0
4,321,0,0,0,0,0,0
4,322,0,0,0,0,0,0
4,323,0,0,0,0,0,0
4,324,0,0,0,0,0,0
4,325,0,0,0,0,0,0
4,326,0,0,0,0,0,0
4,327,0,0,0,0,0,0
4,328,1,12,0,0,0,0
4,329,0,0,0,0,0,0
4,330,15,82,1,0,1,3
4,331,6,72,0,0,1,0
4,332,2,90,0,0,0,0
4,333,0,0,0,0,0,0
4,334,7,90,0,1,0,0
4,335,3,87,0,0,1,0
4,336,9,71,1,0,1,1
4,337,1,18,0,0,0,0
4,338,7,90,0,1,0,0
4,339,1,2,0,0,0,0
4,340,0,0,0,0,0,0
4,341,0,0,0,0,0,0
4,342,0,0,0,0,0,0
4,343,1,7,0,0,0,0
4,344,0,0,0,0,0,0
4,345,6,71,0,1,1,0
4,346,10,77,1,1,1,2
4,347,1,12,0,0,0,0
4,348,0,0,0,0,0,0
4,349,0,0,0,0,0,0
4,350,9,90,0,0,1,2
4,351,0,0,0,0,0,0
4,352,0,0,0,0,0,0
4,353,0,0,0,0,0,0
4,354,0,0,0,0,0,0
4,355,0,0,0,0,0,0
4,356,8,90,0,0,1,0
4,357,1,18,0,0,0,0
4,358,1,45,0,0,0,0
4,359,0,0,0,0,0,0
4,360,0,0,0,0,0,0
4,361,0,0,0,0,0,0
4,362,9,90,0,0,1,3
4,363,0,0,0,0,0,0
4,364,1,45,0,0,0,0
4,365,0,0,0,0,0,0
4,366,3,90,0,0,1,0
4,367,1,30,0,0,0,0
4,368,3,90,0,0,1,0
4,369,1,18,0,0,0,0
4,370,0,0,0,0,0,0
4,371,1,59,0,0,0,0
4,372,1,30,0,0,0,0
4,373,0,0,0,0,0,0
4,374,0,0,0,0,0,0
4,375,0,0,0,0,0,0
4,376,0,0,0,0,0,0
4,377,1,59,0,0,0,0
4,378,0,0,0,0,0,0
4,379,2,90,0,0,1,0
4,380,0,0,0,0,0,0
4,381,0,0,0,0,0,0
4,382,0,0,0,0,0,0
4,383,0,0,0,0,0,0
4,384,7,90,0,0,1,0
4,385,3,90,0,0,0,0
4,386,0,0,0,0,0,0
4,387,1,8,0,0,0,0
4,388,6,90,0,0,1,0
4,389,9,90,0,0,1,1
4,390,6,90,0,0,1,0
4,391,11,90,0,1,1,3
4,392,0,0,0,0,0,0
4,393,0,0,0,0,0,0
4,394,0,0,0,0,0,0
4,395,0,0,0,0,0,0
4,396,0,0,0,0,0,0
4,397,3,90,0,0,1,0
4,398,-2,22,0,0,0,0
4,399,1,45,0,0,0,0
4,400,0,0,0,0,0,0
4,401,2,76,0,0,1,0
4,402,0,0,0,0,0,0
4,403,3,90,0,0,1,0
4,404,0,0,0,0,0,0
4,405,1,18,0,0,0,0
4,406,0,0,0,0,0,0
4,407,0,0,0,0,0,0
4,408,0,0,0,0,0,0
4,409,0,0,0,0,0,0
4,410,0,0,0,0,0,0
4,411,9,90,1,0,1,3
4,412,2,90,0,0,0,0
4,413,0,0,0,0,0,0
4,414,0,0,0,0,0,0
4,415,4,90,0,0,0,0
4,416,0,0,0,0,0,0
4,417,2,90,0,0,0,0
4,418,1,90,0,0,0,0
4,419,2,90,0,0,0,0
4,420,0,0,0,0,0,0
4,421,0,0,0,0,0,0
4,422,0,0,0,0,0,0
4,423,0,0,0,0,0,0
4,424,0,0,0,0,0,0
4,425,0,0,0,0,0,0
4,426,2,90,0,0,0,0
4,427,2,90,0,0,0,0
4,428,2,90,0,0,0,0
4,429,2,82,0,0,0,0
4,430,0,0,0,0,0,0
4,431,0,0,0,0,0,0
4,432,4,90,0,0,0,0
4,433,0,0,0,0,0,0
4,434,0,0,0,0,0,0
4,435,0,0,0,0,0,0
4,436,0,0,0,0,0,0
4,437,0,0,0,0,0,0
4,438,0,0,0,0,0,0
4,439,1,23,0,0,0,0
4,440,1,7,0,0,0,0
4,441,0,0,0,0,0,0
4,442,0,0,0,0,0,0
4,443,0,0,0,0,0,0
4,444,0,0,0,0,0,0
4,445,2,90,0,0,0,0
4,446,0,0,0,0,0,0
4,447,2,90,0,0,0,0
4,448,0,0,0,0,0,0
4,449,0,90,0,0,0,0
4,450,3,32,0,1,0,0
4,451,0,0,0,0,0,0
4,452,7,45,1,0,0,1
4,453,2,90,0,0,0,0
4,454,0,0,0,0,0,0
4,455,3,90,0,0,1,0
4,456,0,0,0,0,0,0
4,457,0,56,0,0,0,0
4,458,0,0,0,0,0,0
4,459,0,79,0,0,0,0
4,460,1,32,0,0,0,0
4,461,6,33,1,0,0,0
4,462,2,71,0,0,0,0
4,463,0,0,0,0,0,0
4,464,2,90,0,0,0,0
4,465,0,0,0,0,0,0
4,466,0,0,0,0,0,0
4,467,3,90,0,0,0,0
4,468,0,0,0,0,0,0
4,469,2,90,0,0,0,0
4,470,0,0,0,0,0,0
4,471,0,0,0,0,0,0
4,472,6,90,0,1,0,0
4,473,2,90,0,0,0,0
4,474,0,0,0,0,0,0
4,475,0,0,0,0,0,0
4,476,0,0,0,0,0,0
4,477,0,0,0,0,0,0
4,478,0,0,0,0,0,0
4,479,0,0,0,0,0,0
4,480,8,90,0,1,0,3
4,481,5,90,0,0,1,0
4,482,0,0,0,0,0,0
4,483,1,74,0,0,0,0
4,484,0,0,0,0,0,0
4,485,0,0,0,0,0,0
4,486,3,81,0,0,0,0
4,487,0,0,0,0,0,0
4,488,1,8,0,0,0,0
4,489,0,0,0,0,0,0
4,490,1,1,0,0,0,0
4,491,7,15,1,0,0,2
4,492,-2,52,0,0,0,0
4,493,0,0,0,0,0,0
4,494,0,0,0,0,0,0
4,495,0,0,0,0,0,0
4,496,7,90,0,0,1,0
4,497,0,0,0,0,0,0
4,498,0,0,0,0,0,0
4,499,0,0,0,0,0,0
4,500,0,0,0,0,0,0
4,501,1,90,0,0,0,0
4,502,7,90,0,0,1,1
4,503,6,90,0,0,1,0
4,504,6,77,0,0,1,0
4,505,0,0,0,0,0,0
4,506,0,0,0,0,0,0
4,507,0,0,0,0,0,0
4,508,0,0,0,0,0,0
4,509,0,0,0,0,0,0
4,510,0,0,0,0,0,0
4,511,0,0,0,0,0,0
4,512,1,27,0,0,0,0
4,513,0,0,0,0,0,0
4,514,1,27,0,0,0,0
4,515,1,13,0,0,0,0
4,516,3,62,0,0,1,0
4,517,0,0,0,0,0,0
4,518,0,0,0,0,0,0
4,519,0,0,0,0,0,0
4,520,1,27,0,0,0,0
4,521,0,0,0,0,0,0
4,522,3,84,0,0,1,0
4,523,0,0,0,0,0,0
4,524,0,0,0,0,0,0
4,525,3,62,0,0,1,0
4,526,2,62,0,0,1,0
4,527,0,0,0,0,0,0
4,528,0,0,0,0,0,0
4,529,2,90,0,0,0,0
4,530,0,0,0,0,0,0
4,531,0,0,0,0,0,0
4,532,0,90,0,0,0,0
4,533,0,90,0,0,0,0
4,534,0,0,0,0,0,0
4,535,0,0,0,0,0,0
4,536,-2,90,0,0,0,0
4,537,0,0,0,0,0,0
4,538,0,0,0,0,0,0
4,539,0,0,0,0,0,0
4,540,0,0,0,0,0,0
4,541,2,75,0,0,0,0
4,542,0,90,0,0,0,0
4,543,0,0,0,0,0,0
4,544,1,90,0,0,0,0
4,545,2,90,0,0,0,0
4,546,0,0,0,0,0,0
4,547,0,0,0,0,0,0
4,548,0,0,0,0,0,0
4,549,0,0,0,0,0,0
4,550,0,0,0,0,0,0
4,551,2,69,0,0,0,0
4,552,1,90,0,0,0,0
4,553,1,20,0,0,0,0
4,554,0,0,0,0,0,0
4,555,0,0,0,0,0,0
4,556,0,0,0,0,0,0
4,557,3,80,0,0,1,0
4,558,3,90,0,0,0,0
4,559,1,10,0,0,0,0
4,560,0,0,0,0,0,0
4,561,0,0,0,0,0,0
4,562,1,27,0,0,0,0
4,563,0,0,0,0,0,0
4,564,1,90,0,0,0,0
4,565,4,90,0,0,0,0
4,566,3,90,0,0,0,0
4,567,1,90,0,0,0,0
4,568,0,21,0,0,0,0
4,569,2,76,0,0,1,0
4,570,0,0,0,0,0,0
4,571,1,13,0,0,0,0
4,572,2,90,0,0,0,0
4,573,0,0,0,0,0,0
4,574,0,0,0,0,0,0
4,575,1,17,0,0,0,0
4,576,1,59,0,0,0,0
4,577,0,53,0,0,0,0
4,578,0,0,0,0,0,0
4,579,6,71,0,0,1,0
4,580,5,90,0,0,1,0
4,581,4,90,0,0,0,0
4,582,0,0,0,0,0,0
4,583,1,45,0,0,0,0
4,584,0,0,0,0,0,0
4,585,1,31,0,0,0,0
4,586,1,58,0,0,0,0
4,587,0,0,0,0,0,0
4,588,7,90,1,0,0,0
4,589,0,0,0,0,0,0
4,590,0,0,0,0,0,0
4,591,2,90,0,0,0,0
4,592,1,2,0,0,0,0
4,593,0,57,0,0,0,0
4,594,0,0,0,0,0,0
4,595,1,6,0,0,0,0
4,596,0,0,0,0,0,0
4,597,2,90,0,0,0,0
4,598,2,90,0,0,0,0
4,599,1,30,0,0,0,0
4,600,1,12,0,0,0,0
4,601,0,0,0,0,0,0
4,602,0,0,0,0,0,0
4,603,0,0,0,0,0,0
4,604,0,0,0,0,0,0
4,605,8,64,1,0,1,0
4,606,0,0,0,0,0,0
4,607,0,0,0,0,0,0
4,608,0,0,0,0,0,0
4,609,0,0,0,0,0,0
4,610,0,0,0,0,0,0
4,611,3,90,0,0,0,0
4,612,0,0,0,0,0,0
4,613,0,0,0,0,0,0
4,614,0,0,0,0,0,0
4,615,0,0,0,0,0,0
4,616,0,0,0,0,0,0
4,617,1,30,0,0,0,0
4,618,0,0,0,0,0,0
4,619,4,90,0,0,0,0
4,620,1,30,0,0,0,0
4,621,0,0,0,0,0,0
4,622,0,0,0,0,0,0
4,623,0,0,0,0,0,0
4,624,0,0,0,0,0,0
4,625,0,0,0,0,0,0
4,626,0,0,0,0,0,0
4,627,3,71,0,0,1,0
4,628,0,0,0,0,0,0
4,629,0,0,0,0,0,0
4,630,0,0,0,0,0,0
4,631,1,27,0,0,0,0
4,632,0,0,0,0,0,0
4,633,3,90,0,0,0,0
4,634,1,57,0,0,0,0
4,635,1,13,0,0,0,0
4,636,0,0,0,0,0,0
4,637,1,8,0,0,0,0
4,638,0,8,0,0,0,0
4,639,4,25,0,1,0,0
4,640,5,27,1,0,0,0
4,641,1,18,0,0,0,0
4,642,1,30,0,0,0,0
4,643,1,13,0,0,0,0
4,644,4,90,0,0,0,0
4,645,0,0,0,0,0,0
4,646,1,14,0,0,0,0
4,647,0,0,0,0,0,0
4,648,0,0,0,0,0,0
4,649,6,74,0,0,1,0
4,650,8,90,0,0,1,0
4,651,0,0,0,0,0,0
4,652,0,0,0,0,0,0
4,653,0,0,0,0,0,0
4,654,0,0,0,0,0,0
4,655,0,0,0,0,0,0
4,656,0,0,0,0,0,0
4,657,0,0,0,0,0,0
4,658,0,0,0,0,0,0
4,659,0,0,0,0,0,0
5,1,1,90,0,0,0,0
5,2,0,0,0,0,0,0
5,3,0,0,0,0,0,0
5,4,1,90,0,0,0,0
5,5,0,59,0,0,0,0
5,6,0,0,0,0,0,0
5,7,0,0,0,0,0,0
5,8,1,90,0,0,0,0
5,9,0,0,0,0,0,0
5,10,0,0,0,0,0,0
5,11,0,0,0,0,0,0
5,12,2,80,0,0,0,0
5,13,1,90,0,0,0,0
5,14,1,17,0,0,0,0
5,15,2,72,0,0,0,0
5,16,0,0,0,0,0,0
5,17,1,30,0,0,0,0
5,18,0,0,0,0,0,0
5,19,1,30,0,0,0,0
5,20,1,9,0,0,0,0
5,21,0,0,0,0,0,0
5,22,0,0,0,0,0,0
5,23,0,0,0,0,0,0
5,24,0,0,0,0,0,0
5,25,1,17,0,0,0,0
5,26,2,90,0,0,0,0
5,27,0,0,0,0,0,0
5,28,2,90,0,0,0,0
5,29,0,0,0,0,0,0
5,30,0,0,0,0,0,0
5,31,1,90,0,0,0,0
5,32,-1,45,0,0,0,0
5,33,3,90,0,0,0,0
5,34,0,0,0,0,0,0
5,35,0,0,0,0,0,0
5,36,0,0,0,0,0,0
5,37,1,90,0,0,0,0
5,38,0,0,0,0,0,0
5,39,0,0,0,0,0,0
5,40,2,90,0,0,0,0
5,41,12,90,1,0,0,3
5,42,0,0,0,0,0,0
5,43,4,90,0,0,0,0
5,44,0,0,0,0,0,0
5,45,6,83,0,1,1,0
5,46,1,6,0,0,0,0
5,47,6,83,0,1,1,0
5,48,0,0,0,0,0,0
5,49,0,0,0,0,0,0
5,50,0,0,0,0,0,0
5,51,1,18,0,0,0,0
5,52,0,0,0,0,0,0
5,53,13,71,1,1,1,2
5,54,4,90,0,0,0,0
5,55,0,0,0,0,0,0
5,56,1,2,0,0,0,0
5,57,2,90,0,0,0,0
5,58,0,0,0,0,0,0
5,59,0,0,0,0,0,0
5,60,4,90,0,0,0,0
5,61,2,90,0,0,0,0
5,62,0,0,0,0,0,0
5,63,0,0,0,0,0,0
5,64,2,74,0,0,0,0
5,65,0,0,0,0,0,0
5,66,0,0,0,0,0,0
5,67,2,87,0,0,0,0
5,68,2,74,0,0,0,0
5,69,2,90,0,0,0,0
5,70,0,0,0,0,0,0
5,71,1,15,0,0,0,0
5,72,1,2,0,0,0,0
5,73,4,87,0,0,0,0
5,74,1,15,0,0,0,0
5,75,2,74,0,0,0,0
5,76,1,2,0,0,0,0
5,77,0,0,0,0,0,0
5,78,0,0,0,0,0,0
5,79,2,90,0,0,0,0
5,80,0,0,0,0,0,0
5,81,0,0,0,0,0,0
5,82,6,90,0,0,1,0
5,83,0,0,0,0,0,0
5,84,0,0,0,0,0,0
5,85,0,0,0,0,0,0
5,86,3,80,0,0,1,0
5,87,7,90,0,0,1,1
5,88,6,68,0,0,1,0
5,89,0,0,0,0,0,0
5,90,1,21,0,0,0,0
5,91,8,90,0,0,1,0
5,92,0,0,0,0,0,0
5,93,14,90,0,1,1,3
5,94,9,90,0,2,1,0
5,95,1,9,0,0,0,0
5,96,3,86,0,0,1,0
5,97,0,0,0,0,0,0
5,98,3,90,0,0,1,0
5,99,0,0,0,0,0,0
5,100,6,3,1,0,0,0
5,101,2,90,0,0,0,0
5,102,3,68,0,0,1,0
5,103,0,0,0,0,0,0
5,104,3,90,0,0,1,0
5,105,10,80,1,0,1,2
5,106,5,90,1,0,1,0
5,107,0,0,0,0,0,0
5,108,0,0,0,0,0,0
5,109,6,90,0,0,1,0
5,110,11,90,0,1,1,2
5,111,0,0,0,0,0,0
5,112,6,90,1,0,0,0
5,113,5,75,0,0,1,0
5,114,6,90,0,0,1,0
5,115,6,90,0,0,1,1
5,116,0,0,0,0,0,0
5,117,0,0,0,0,0,0
5,118,0,0,0,0,0,0
5,119,1,14,0,0,0,0
5,120,1,4,0,0,0,0
5,121,0,0,0,0,0,0
5,122,0,0,0,0,0,0
5,123,0,0,0,0,0,0
5,124,14,90,1,1,1,3
5,125,1,14,0,0,0,0
5,126,1,4,0,0,0,0
5,127,8,85,0,1,1,0
5,128,0,0,0,0,0,0
5,129,3,90,0,0,1,0
5,130,0,0,0,0,0,0
5,131,0,0,0,0,0,0
5,132,0,0,0,0,0,0
5,133,0,0,0,0,0,0
5,134,0,0,0,0,0,0
5,135,0,0,0,0,0,0
5,136,2,70,0,0,0,0
5,137,0,0,0,0,0,0
5,138,10,75,1,1,1,2
5,139,0,0,0,0,0,0
5,140,0,0,0,0,0,0
5,141,0,0,0,0,0,0
5,142,0,0,0,0,0,0
5,143,0,0,0,0,0,0
5,144,0,0,0,0,0,0
5,145,4,70,0,0,0,0
5,146,0,0,0,0,0,0
5,147,0,0,0,0,0,0
5,148,0,0,0,0,0,0
5,149,1,90,0,0,0,0
5,150,0,0,0,0,0,0
5,151,0,19,0,0,0,0
5,152,0,0,0,0,0,0
5,153,0,0,0,0,0,0
5,154,2,90,0,0,0,0
5,155,7,90,1,0,0,0
5,156,2,86,0,0,0,0
5,157,1,3,0,0,0,0
5,158,0,0,0,0,0,0
5,159,0,0,0,0,0,0
5,160,0,0,0,0,0,0
5,161,0,0,0,0,0,0
5,162,0,0,0,0,0,0
5,163,0,0,0,0,0,0
5,164,1,19,0,0,0,0
5,165,0,0,0,0,0,0
5,166,6,87,1,0,0,1
5,167,1,90,0,0,0,0
5,168,0,0,0,0,0,0
5,169,0,0,0,0,0,0
5,170,0,0,0,0,0,0
5,171,0,0,0,0,0,0
5,172,0,0,0,0,0,0
5,173,9,90,0,0,1,1
5,174,0,0,0,0,0,0
5,175,0,0,0,0,0,0
5,176,15,90,1,0,1,3
5,177,0,0,0,0,0,0
5,178,0,0,0,0,0,0
5,179,1,1,0,0,0,0
5,180,0,0,0,0,0,0
5,181,0,0,0,0,0,0
5,182,0,0,0,0,0,0
5,183,5,73,0,0,1,0
5,184,3,90,0,0,1,0
5,185,0,0,0,0,0,0
5,186,1,45,0,0,0,0
5,187,0,0,0,0,0,0
5,188,0,0,0,0,0,0
5,189,0,0,0,0,0,0
5,190,1,45,0,0,0,0
5,191,0,0,0,0,0,0
5,192,0,0,0,0,0,0
5,193,0,0,0,0,0,0
5,194,4,90,0,0,1,0
5,195,1,16,0,0,0,0
5,196,0,0,0,0,0,0
5,197,0,0,0,0,0,0
5,198,0,0,0,0,0,0
5,199,6,90,0,0,1,0
5,200,3,90,0,0,0,0
5,201,2,82,0,0,0,0
5,202,8,90,0,0,1,0
5,203,8,90,0,0,1,0
5,204,7,90,0,0,1,1
5,205,0,0,0,0,0,0
5,206,0,0,0,0,0,0
5,207,0,0,0,0,0,0
5,208,1,8,0,0,0,0
5,209,3,65,0,0,1,0
5,210,2,90,0,0,1,0
5,211,2,81,0,0,1,0
5,212,0,0,0,0,0,0
5,213,0,45,0,0,0,0
5,214,3,90,0,0,1,0
5,215,0,0,0,0,0,0
5,216,0,0,0,0,0,0
5,217,0,0,0,0,0,0
5,218,0,0,0,0,0,0
5,219,0,0,0,0,0,0
5,220,0,0,0,0,0,0
5,221,0,0,0,0,0,0
5,222,2,81,0,0,1,0
5,223,0,0,0,0,0,0
5,224,1,8,0,0,0,0
5,225,0,0,0,0,0,0
5,226,8,90,0,0,1,1
5,227,0,0,0,0,0,0
5,228,0,0,0,0,0,0
5,229,14,90,0,1,1,3
5,230,8,90,0,0,1,0
5,231,0,0,0,0,0,0
5,232,1,1,0,0,0,0
5,233,5,90,0,0,1,0
5,234,0,0,0,0,0,0
5,235,0,0,0,0,0,0
5,236,3,90,0,0,1,0
5,237,5,74,0,1,0,0
5,238,3,78,0,0,1,0
5,239,3,90,0,0,1,0
5,240,1,45,0,0,0,0
5,241,0,0,0,0,0,0
5,242,1,11,0,0,0,0
5,243,0,0,0,0,0,0
5,244,2,90,0,0,1,0
5,245,1,24,0,0,0,0
5,246,0,0,0,0,0,0
5,247,1,1,0,0,0,0
5,248,0,0,0,0,0,0
5,249,6,90,1,0,1,0
5,250,3,90,0,0,0,0
5,251,0,0,0,0,0,0
5,252,0,0,0,0,0,0
5,253,1,10,0,0,0,0
5,254,2,90,0,0,0,0
5,255,0,0,0,0,0,0
5,256,0,0,0,0,0,0
5,257,6,90,0,1,0,1
5,258,1,90,0,0,0,0
5,259,4,90,0,0,0,0
5,260,0,0,0,0,0,0
5,261,5,70,0,0,1,2
5,262,0,0,0,0,0,0
5,263,1,19,0,0,0,0
5,264,3,70,0,0,1,0
5,265,3,76,0,0,1,0
5,266,0,0,0,0,0,0
5,267,2,72,0,0,0,0
5,268,2,79,0,0,1,0
5,269,0,0,0,0,0,0
5,270,0,0,0,0,0,0
5,271,0,10,0,0,0,0
5,272,0,0,0,0,0,0
5,273,0,0,0,0,0,0
5,274,0,0,0,0,0,0
5,275,0,0,0,0,0,0
5,276,0,0,0,0,0,0
5,277,1,77,0,0,0,0
5,278,0,0,0,0,0,0
5,279,1,90,0,0,0,0
5,280,1,90,0,0,0,0
5,281,0,0,0,0,0,0
5,282,0,90,0,0,0,0
5,283,0,0,0,0,0,0
5,284,0,0,0,0,0,0
5,285,0,0,0,0,0,0
5,286,4,82,0,1,0,0
5,287,0,0,0,0,0,0
5,288,0,0,0,0,0,0
5,289,0,45,0,0,0,0
5,290,2,77,0,0,0,0
5,291,0,0,0,0,0,0
5,292,0,0,0,0,0,0
5,293,0,0,0,0,0,0
5,294,0,0,0,0,0,0
5,295,1,90,0,0,0,0
5,296,0,0,0,0,0,0
5,297,0,0,0,0,0,0
5,298,0,0,0,0,0,0
5,299,0,0,0,0,0,0
5,300,2,90,0,0,0,0
5,301,0,0,0,0,0,0
5,302,0,0,0,0,0,0
5,303,0,0,0,0,0,0
5,304,2,90,0,0,0,0
5,305,2,90,0,0,0,0
5,306,0,0,0,0,0,0
5,307,0,0,0,0,0,0
5,308,0,0,0,0,0,0
5,309,0,0,0,0,0,0
5,310,0,0,0,0,0,0
5,311,0,0,0,0,0,0
5,312,0,0,0,0,0,0
5,313,2,65,0,0,0,0
5,314,0,0,0,0,0,0
5,315,-1,66,0,0,0,0
5,316,2,80,0,0,0,0
5,317,0,0,0,0,0,0
5,318,1,24,0,0,0,0
5,319,0,0,0,0,0,0
5,320,1,9,0,0,0,0
5,321,0,0,0,0,0,0
5,322,0,0,0,0,0,0
5,323,0,0,0,0,0,0
5,324,0,0,0,0,0,0
5,325,0,0,0,0,0,0
5,326,0,0,0,0,0,0
5,327,0,0,0,0,0,0
5,328,5,85,0,0,1,0
5,329,0,0,0,0,0,0
5,330,5,66,0,0,1,0
5,331,6,90,0,0,1,0
5,332,8,90,0,0,1,2
5,333,0,0,0,0,0,0
5,334,6,90,0,0,1,0
5,335,5,90,0,0,1,0
5,336,3,75,0,0,1,0
5,337,1,22,0,0,0,0
5,338,5,90,0,0,1,0
5,339,0,0,0,0,0,0
5,340,1,7,0,0,0,0
5,341,0,0,0,0,0,0
5,342,0,0,0,0,0,0
5,343,1,23,0,0,0,0
5,344,0,0,0,0,0,0
5,345,2,67,0,0,1,0
5,346,2,90,0,0,1,0
5,347,1,14,0,0,0,0
5,348,0,0,0,0,0,0
5,349,0,0,0,0,0,0
5,350,8,90,0,0,1,2
5,351,0,0,0,0,0,0
5,352,0,0,0,0,0,0
5,353,0,0,0,0,0,0
5,354,0,0,0,0,0,0
5,355,0,0,0,0,0,0
5,356,8,90,0,0,1,0
5,357,0,0,0,0,0,0
5,358,6,90,0,0,1,0
5,359,0,0,0,0,0,0
5,360,0,0,0,0,0,0
5,361,0,0,0,0,0,0
5,362,6,90,0,0,1,0
5,363,0,0,0,0,0,0
5,364,0,0,0,0,0,0
5,365,0,0,0,0,0,0
5,366,6,70,0,1,1,0
5,367,3,90,0,0,1,0
5,368,2,80,0,0,1,0
5,369,0,0,0,0,0,0
5,370,0,0,0,0,0,0
5,371,1,9,0,0,0,0
5,372,5,90,0,0,1,0
5,373,0,0,0,0,0,0
5,374,0,0,0,0,0,0
5,375,1,19,0,0,0,0
5,376,0,0,0,0,0,0
5,377,1,18,0,0,0,0
5,378,0,0,0,0,0,0
5,379,8,80,1,0,1,3
5,380,0,0,0,0,0,0
5,381,1,9,0,0,0,0
5,382,0,0,0,0,0,0
5,383,0,0,0,0,0,0
5,384,2,90,0,0,0,0
5,385,10,90,0,0,1,3
5,386,0,0,0,0,0,0
5,387,1,5,0,0,0,0
5,388,4,90,0,1,0,0
5,389,1,90,0,0,0,0
5,390,1,90,0,0,0,0
5,391,4,90,0,1,0,0
5,392,0,0,0,0,0,0
5,393,0,0,0,0,0,0
5,394,0,0,0,0,0,0
5,395,0,0,0,0,0,0
5,396,0,0,0,0,0,0
5,397,17,90,2,1,0,2
5,398,0,0,0,0,0,0
5,399,8,84,1,0,0,1
5,400,1,15,0,0,0,0
5,401,2,90,0,0,0,0
5,402,0,0,0,0,0,0
5,403,2,90,0,0,0,0
5,404,0,0,0,0,0,0
5,405,0,0,0,0,0,0
5,406,0,0,0,0,0,0
5,407,0,0,0,0,0,0
5,408,0,0,0,0,0,0
5,409,0,0,0,0,0,0
5,410,0,0,0,0,0,0
5,411,6,90,1,0,0,0
5,412,4,90,0,0,0,0
5,413,0,0,0,0,0,0
5,414,0,0,0,0,0,0
5,415,4,6,0,1,0,0
5,416,0,0,0,0,0,0
5,417,2,90,0,0,0,0
5,418,2,90,0,0,0,0
5,419,0,90,0,0,0,0
5,420,0,0,0,0,0,0
5,421,0,0,0,0,0,0
5,422,0,0,0,0,0,0
5,423,2,83,0,0,0,0
5,424,0,0,0,0,0,0
5,425,0,0,0,0,0,0
5,426,2,90,0,0,0,0
5,427,2,90,0,0,0,0
5,428,10,90,1,0,0,3
5,429,2,76,0,0,0,0
5,430,1,10,0,0,0,0
5,431,0,0,0,0,0,0
5,432,4,79,0,0,0,0
5,433,0,0,0,0,0,0
5,434,0,0,0,0,0,0
5,435,0,0,0,0,0,0
5,436,0,0,0,0,0,0
5,437,0,0,0,0,0,0
5,438,0,0,0,0,0,0
5,439,0,0,0,0,0,0
5,440,1,13,0,0,0,0
5,441,0,0,0,0,0,0
5,442,0,0,0,0,0,0
5,443,0,0,0,0,0,0
5,444,0,0,0,0,0,0
5,445,4,90,0,0,0,0
5,446,1,24,0,0,0,0
5,447,4,90,0,0,0,0
5,448,0,0,0,0,0,0
5,449,13,90,1,0,0,3
5,450,0,0,0,0,0,0
5,451,0,0,0,0,0,0
5,452,1,59,0,0,0,0
5,453,9,90,0,2,0,1
5,454,0,0,0,0,0,0
5,455,2,83,0,0,0,0
5,456,0,0,0,0,0,0
5,457,1,90,0,0,0,0
5,458,0,0,0,0,0,0
5,459,4,90,0,0,0,0
5,460,10,86,1,0,0,3
5,461,1,16,0,0,0,0
5,462,3,65,0,0,1,0
5,463,0,0,0,0,0,0
5,464,0,90,0,0,0,0
5,465,0,0,0,0,0,0
5,466,0,0,0,0,0,0
5,467,2,90,0,0,0,0
5,468,0,0,0,0,0,0
5,469,2,90,0,0,0,0
5,470,0,0,0,0,0,0
5,471,0,0,0,0,0,0
5,472,4,90,0,0,0,0
5,473,0,0,0,0,0,0
5,474,1,90,0,0,0,0
5,475,0,0,0,0,0,0
5,476,0,0,0,0,0,0
5,477,0,0,0,0,0,0
5,478,1,7,0,0,0,0
5,479,0,0,0,0,0,0
5,480,2,90,0,0,0,0
5,481,2,90,0,0,0,0
5,482,0,0,0,0,0,0
5,483,1,58,0,0,0,0
5,484,0,0,0,0,0,0
5,485,0,0,0,0,0,0
5,486,2,82,0,0,0,0
5,487,0,0,0,0,0,0
5,488,1,7,0,0,0,0
5,489,0,0,0,0,0,0
5,490,1,17,0,0,0,0
5,491,1,31,0,0,0,0
5,492,0,0,0,0,0,0
5,493,0,0,0,0,0,0
5,494,0,0,0,0,0,0
5,495,0,0,0,0,0,0
5,496,2,90,0,0,0,0
5,497,0,0,0,0,0,0
5,498,0,0,0,0,0,0
5,499,1,18,0,0,0,0
5,500,0,0,0,0,0,0
5,501,0,90,0,0,0,0
5,502,4,90,0,1,0,0
5,503,1,90,0,0,0,0
5,504,8,90,0,0,1,0
5,505,0,0,0,0,0,0
5,506,0,0,0,0,0,0
5,507,0,0,0,0,0,0
5,508,0,0,0,0,0,0
5,509,0,0,0,0,0,0
5,510,0,0,0,0,0,0
5,511,0,0,0,0,0,0
5,512,4,45,0,1,0,0
5,513,0,0,0,0,0,0
5,514,0,0,0,0,0,0
5,515,1,24,0,0,0,0
5,516,4,83,0,0,0,0
5,517,0,0,0,0,0,0
5,518,0,0,0,0,0,0
5,519,6,6,1,0,0,0
5,520,1,6,0,0,0,0
5,521,0,0,0,0,0,0
5,522,2,71,0,0,0,0
5,523,0,0,0,0,0,0
5,524,0,0,0,0,0,0
5,525,1,45,0,0,0,0
5,526,2,65,0,0,0,0
5,527,0,0,0,0,0,0
5,528,0,0,0,0,0,0
5,529,0,90,0,0,0,0
5,530,0,0,0,0,0,0
5,531,0,0,0,0,0,0
5,532,2,90,0,0,0,0
5,533,0,90,0,0,0,0
5,534,1,11,0,0,0,0
5,535,0,0,0,0,0,0
5,536,0,0,0,0,0,0
5,537,0,0,0,0,0,0
5,538,0,0,0,0,0,0
5,539,0,0,0,0,0,0
5,540,0,0,0,0,0,0
5,541,3,78,0,1,0,0
5,542,5,90,0,1,0,0
5,543,0,0,0,0,0,0
5,544,2,90,0,0,0,0
5,545,2,67,0,0,0,0
5,546,0,0,0,0,0,0
5,547,0,0,0,0,0,0
5,548,0,0,0,0,0,0
5,549,0,0,0,0,0,0
5,550,0,0,0,0,0,0
5,551,4,59,0,1,0,0
5,552,17,90,3,0,0,3
5,553,1,22,0,0,0,0
5,554,0,0,0,0,0,0
5,555,0,0,0,0,0,0
5,556,0,0,0,0,0,0
5,557,2,72,0,0,0,0
5,558,2,90,0,0,0,0
5,559,1,3,0,0,0,0
5,560,0,0,0,0,0,0
5,561,0,0,0,0,0,0
5,562,1,16,0,0,0,0
5,563,0,0,0,0,0,0
5,564,0,0,0,0,0,0
5,565,0,21,0,0,0,0
5,566,3,90,0,0,0,0
5,567,3,90,0,0,0,0
5,568,2,86,0,0,0,0
5,569,2,79,0,0,1,0
5,570,1,19,0,0,0,0
5,571,1,17,0,0,0,0
5,572,6,90,0,0,0,0
5,573,0,0,0,0,0,0
5,574,0,0,0,0,0,0
5,575,3,90,0,0,1,0
5,576,0,0,0,0,0,0
5,577,1,45,0,0,0,0
5,578,0,0,0,0,0,0
5,579,7,90,0,0,1,1
5,580,4,90,0,0,0,0
5,581,2,72,0,0,0,0
5,582,0,0,0,0,0,0
5,583,1,90,0,0,0,0
5,584,0,0,0,0,0,0
5,585,1,90,0,0,0,0
5,586,0,0,0,0,0,0
5,587,0,0,0,0,0,0
5,588,6,90,0,0,1,0
5,589,1,12,0,0,0,0
5,590,0,0,0,0,0,0
5,591,2,73,0,0,0,0
5,592,2,90,0,0,0,0
5,593,0,0,0,0,0,0
5,594,0,0,0,0,0,0
5,595,0,0,0,0,0,0
5,596,3,90,0,0,0,0
5,597,2,90,0,0,0,0
5,598,6,90,0,0,1,0
5,599,0,0,0,0,0,0
5,600,0,0,0,0,0,0
5,601,0,0,0,0,0,0
5,602,0,0,0,0,0,0
5,603,0,0,0,0,0,0
5,604,0,0,0,0,0,0
5,605,1,5,0,0,0,0
5,606,0,0,0,0,0,0
5,607,0,0,0,0,0,0
5,608,1,15,0,0,0,0
5,609,0,0,0,0,0,0
5,610,0,0,0,0,0,0
5,611,1,45,0,0,0,0
5,612,-1,90,0,0,0,0
5,613,0,0,0,0,0,0
5,614,0,0,0,0,0,0
5,615,0,0,0,0,0,0
5,616,0,0,0,0,0,0
5,617,6,27,1,0,0,0
5,618,0,0,0,0,0,0
5,619,2,80,0,0,0,0
5,620,1,9,0,0,0,0
5,621,0,0,0,0,0,0
5,622,0,0,0,0,0,0
5,623,0,0,0,0,0,0
5,624,0,0,0,0,0,0
5,625,0,0,0,0,0,0
5,626,0,0,0,0,0,0
5,627,3,71,0,0,1,0
5,628,0,0,0,0,0,0
5,629,0,0,0,0,0,0
5,630,0,0,0,0,0,0
5,631,1,6,0,0,0,0
5,632,0,0,0,0,0,0
5,633,0,0,0,0,0,0
5,634,2,73,0,0,0,0
5,635,1,13,0,0,0,0
5,636,0,0,0,0,0,0
5,637,1,12,0,0,0,0
5,638,0,0,0,0,0,0
5,639,8,84,1,0,1,0
5,640,0,9,0,0,0,0
5,641,0,0,0,0,0,0
5,642,2,62,0,0,0,0
5,643,0,0,0,0,0,0
5,644,3,90,0,0,1,0
5,645,0,0,0,0,0,0
5,646,1,30,0,0,0,0
5,647,0,0,0,0,0,0
5,648,1,1,0,0,0,0
5,649,8,90,0,0,1,2
5,650,4,90,0,0,0,0
5,651,0,0,0,0,0,0
5,652,0,0,0,0,0,0
5,653,0,0,0,0,0,0
5,654,0,0,0,0,0,0
5,655,0,0,0,0,0,0
5,656,6,90,0,0,1,0
5,657,0,0,0,0,0,0
5,658,0,0,0,0,0,0
5,659,0,0,0,0,0,0
5,660,0,0,0,0,0,0
5,661,0,0,0,0,0,0
5,662,1,3,0,0,0,0
5,663,0,0,0,0,0,0
5,664,0,0,0,0,0,0
5,665,0,0,0,0,0,0
5,666,0,0,0,0,0,0
5,667,0,0,0,0,0,0
